sender,name,subject,message,return_path,reply_to,label
direction@dessources.qc.ca,École secondaire,Rappel des devoirs,"Bonjour, petit rappel : les devoirs de français doivent être remis lundi. Bonne semaine !

M. Roy",direction@dessources.qc.ca,,ham
direction@dessources.qc.ca,École secondaire,Fermeture hâtive mercredi,"Avis aux élèves : l'école fermera à 15 h mercredi pour une réunion des enseignants. Les autobus partiront à 15 h 15.

La direction",direction@dessources.qc.ca,,ham
direction@dessources.qc.ca,École secondaire,Livre à retourner,"Rappel de la bibliothèque : le livre que vous avez emprunté doit être retourné d'ici vendredi. Merci !

Mme Fortin, bibliothécaire",direction@dessources.qc.ca,,ham
direction@dessources.qc.ca,École secondaire,Pratique de hockey,"Entraînement de hockey demain à 16 h au gymnase. N'oubliez pas votre casque et votre bouteille d'eau. On compte sur vous !

M. Roy",direction@dessources.qc.ca,,ham
direction@dessources.qc.ca,École secondaire,Sortie au Musée des sciences,"La sortie au Musée des sciences est confirmée pour le 8 février. Veuillez rapporter la permission signée au secrétariat avant mardi.

Mme Lavoie",direction@dessources.qc.ca,,ham
direction@dessources.qc.ca,École secondaire,Menu de la semaine,"Menu de la cafétéria de mardi : poutine, salade du jardin et compote de pommes. Bon appétit !

Le service de cafétéria",direction@dessources.qc.ca,,ham
direction@dessources.qc.ca,École secondaire,Tournoi de soccer,"Le tournoi de soccer interclasses aura lieu la semaine prochaine. Les inscriptions se font au secrétariat jusqu'à jeudi.

M. Gagnon",direction@dessources.qc.ca,,ham
direction@dessources.qc.ca,École secondaire,Club de robotique,"Rencontre du club de robotique jeudi à 12 h au local C-204. Apportez votre ordinateur portable.

Mme Bélanger",direction@dessources.qc.ca,,ham
direction@dessources.qc.ca,École secondaire,Soirée portes ouvertes,"Les parents sont invités à la soirée portes ouvertes le 22 avril à 18 h. Une garderie sera disponible sur place.

La direction",direction@dessources.qc.ca,,ham
direction@dessources.qc.ca,École secondaire,Récupération en mathématiques,"Séance de récupération en mathématiques : jeudi à 12 h au local B-108. Aucune inscription requise.

M. Bergeron",direction@dessources.qc.ca,,ham
direction@dessources.qc.ca,École secondaire,Répétition de la chorale,"Répétition de la chorale mercredi à 15 h 30 à l'auditorium. Présence obligatoire pour le spectacle de fin d'année.

Mme Girard",direction@dessources.qc.ca,,ham
direction@dessources.qc.ca,École secondaire,Club de bénévolat,"Le club de bénévolat cherche des élèves pour la bibliothèque municipale, les mardis après l'école. Inscription au local D-112.

Mme Morin",direction@dessources.qc.ca,,ham
direction@dessources.qc.ca,École secondaire,Journée pyjama,"Vendredi, c'est la journée pyjama pour le carnaval d'hiver ! Apportez 2 $ pour la fondation de l'école.

Le comité étudiant",direction@dessources.qc.ca,,ham
direction@dessources.qc.ca,École secondaire,Publication des bulletins,"Les bulletins seront disponibles sur le portail des parents lundi après-midi.

Le secrétariat",direction@dessources.qc.ca,,ham
direction@dessources.qc.ca,École secondaire,Changement d'itinéraire,"Petit changement : l'autobus 3 partira de la rue des Érables à partir de lundi.

Le transport scolaire",direction@dessources.qc.ca,,ham
direction@dessources.qc.ca,École secondaire,Trousse d'urgence,"La trousse d'urgence de l'école doit être complétée avec des gants et une bouteille d'eau. Merci de votre collaboration.

La direction",direction@dessources.qc.ca,,ham
direction@dessources.qc.ca,École secondaire,Rappel des devoirs,"Bonjour, petit rappel : les devoirs de français doivent être remis vendredi. Bonne semaine !

Mme Fortin",direction@dessources.qc.ca,,ham
direction15@dessources.qc.ca,École secondaire,Fermeture hâtive mercredi,"Avis aux élèves : l'école fermera à 15 h mercredi pour une réunion des enseignants. Les autobus partiront à 15 h 15.

La direction

Référence : 2026-473-1653",direction49@dessources.qc.ca,,ham
direction52@dessources.qc.ca,École secondaire,Livre à retourner,"Rappel de la bibliothèque : le livre que vous avez emprunté doit être retourné d'ici vendredi. Merci !

Mme Fortin, bibliothécaire

Référence : 2026-921-5065",direction62@dessources.qc.ca,,ham
direction38@dessources.qc.ca,École secondaire,Pratique de hockey,"Entraînement de hockey demain à 16 h au gymnase. N'oubliez pas votre casque et votre bouteille d'eau. On compte sur vous !

M. Roy

Référence : 2026-775-4164",direction13@dessources.qc.ca,,ham
direction@dessources.qc.ca,École secondaire,Sortie au Musée des sciences,"La sortie au Musée des sciences est confirmée pour le 19 avril. Veuillez rapporter la permission signée au secrétariat avant lundi.

Mme Lavoie",direction@dessources.qc.ca,,ham
direction32@dessources.qc.ca,École secondaire,Menu de la semaine,"Menu de la cafétéria de mardi : poutine, salade du jardin et compote de pommes. Bon appétit !

Le service de cafétéria

Référence : 2026-371-1626",direction84@dessources.qc.ca,,ham
direction10@dessources.qc.ca,École secondaire,Tournoi de soccer,"Le tournoi de soccer interclasses aura lieu la semaine prochaine. Les inscriptions se font au secrétariat jusqu'à jeudi.

M. Gagnon

Référence : 2026-925-9821",direction76@dessources.qc.ca,,ham
direction51@dessources.qc.ca,École secondaire,Club de robotique,"Rencontre du club de robotique jeudi à 12 h au local C-204. Apportez votre ordinateur portable.

Mme Bélanger

Référence : 2026-813-5844",direction61@dessources.qc.ca,,ham
direction36@dessources.qc.ca,École secondaire,Soirée portes ouvertes,"Les parents sont invités à la soirée portes ouvertes le 22 avril à 18 h. Une garderie sera disponible sur place.

La direction

Référence : 2026-904-6279",direction65@dessources.qc.ca,,ham
direction21@dessources.qc.ca,École secondaire,Récupération en mathématiques,"Séance de récupération en mathématiques : jeudi à 12 h au local B-108. Aucune inscription requise.

M. Bergeron

Référence : 2026-788-6085",direction40@dessources.qc.ca,,ham
direction41@dessources.qc.ca,École secondaire,Répétition de la chorale,"Répétition de la chorale mercredi à 15 h 30 à l'auditorium. Présence obligatoire pour le spectacle de fin d'année.

Mme Girard

Référence : 2026-771-1090",direction28@dessources.qc.ca,,ham
direction95@dessources.qc.ca,École secondaire,Club de bénévolat,"Le club de bénévolat cherche des élèves pour la bibliothèque municipale, les mardis après l'école. Inscription au local D-112.

Mme Morin

Référence : 2026-672-6198",direction77@dessources.qc.ca,,ham
direction72@dessources.qc.ca,École secondaire,Journée pyjama,"Vendredi, c'est la journée pyjama pour le carnaval d'hiver ! Apportez 2 $ pour la fondation de l'école.

Le comité étudiant

Référence : 2026-344-5499",direction90@dessources.qc.ca,,ham
direction37@dessources.qc.ca,École secondaire,Publication des bulletins,"Les bulletins seront disponibles sur le portail des parents lundi après-midi.

Le secrétariat

Référence : 2026-524-7678",direction18@dessources.qc.ca,,ham
direction55@dessources.qc.ca,École secondaire,Changement d'itinéraire,"Petit changement : l'autobus 3 partira de la rue des Érables à partir de lundi.

Le transport scolaire

Référence : 2026-871-7389",direction48@dessources.qc.ca,,ham
direction31@dessources.qc.ca,École secondaire,Trousse d'urgence,"La trousse d'urgence de l'école doit être complétée avec des gants et une bouteille d'eau. Merci de votre collaboration.

La direction

Référence : 2026-230-9751",direction69@dessources.qc.ca,,ham
direction@dessources.qc.ca,École secondaire,Rappel des devoirs,"Bonjour, petit rappel : les devoirs de mathématiques doivent être remis lundi. Bonne semaine !

Mme Lavoie",direction@dessources.qc.ca,,ham
direction55@dessources.qc.ca,École secondaire,Fermeture hâtive mercredi,"Avis aux élèves : l'école fermera à 15 h mercredi pour une réunion des enseignants. Les autobus partiront à 15 h 15.

La direction

Référence : 2026-798-5088",direction36@dessources.qc.ca,,ham
direction44@dessources.qc.ca,École secondaire,Livre à retourner,"Rappel de la bibliothèque : le livre que vous avez emprunté doit être retourné d'ici vendredi. Merci !

Mme Fortin, bibliothécaire

Référence : 2026-906-2771",direction30@dessources.qc.ca,,ham
direction61@dessources.qc.ca,École secondaire,Pratique de hockey,"Entraînement de hockey demain à 16 h au gymnase. N'oubliez pas votre casque et votre bouteille d'eau. On compte sur vous !

M. Roy

Référence : 2026-385-2137",direction52@dessources.qc.ca,,ham
direction@dessources.qc.ca,École secondaire,Sortie au Musée des sciences,"La sortie au Musée des sciences est confirmée pour le 8 mai. Veuillez rapporter la permission signée au secrétariat avant vendredi.

Mme Lavoie",direction@dessources.qc.ca,,ham
direction23@dessources.qc.ca,École secondaire,Menu de la semaine,"Menu de la cafétéria de mardi : poutine, salade du jardin et compote de pommes. Bon appétit !

Le service de cafétéria

Référence : 2026-544-6663",direction86@dessources.qc.ca,,ham
direction97@dessources.qc.ca,École secondaire,Tournoi de soccer,"Le tournoi de soccer interclasses aura lieu la semaine prochaine. Les inscriptions se font au secrétariat jusqu'à jeudi.

M. Gagnon

Référence : 2026-301-6967",direction95@dessources.qc.ca,,ham
direction80@dessources.qc.ca,École secondaire,Club de robotique,"Rencontre du club de robotique jeudi à 12 h au local C-204. Apportez votre ordinateur portable.

Mme Bélanger

Référence : 2026-296-7888",direction26@dessources.qc.ca,,ham
direction69@dessources.qc.ca,École secondaire,Soirée portes ouvertes,"Les parents sont invités à la soirée portes ouvertes le 22 avril à 18 h. Une garderie sera disponible sur place.

La direction

Référence : 2026-552-4501",direction66@dessources.qc.ca,,ham
direction38@dessources.qc.ca,École secondaire,Récupération en mathématiques,"Séance de récupération en mathématiques : jeudi à 12 h au local B-108. Aucune inscription requise.

M. Bergeron

Référence : 2026-250-1400",direction35@dessources.qc.ca,,ham
direction23@dessources.qc.ca,École secondaire,Répétition de la chorale,"Répétition de la chorale mercredi à 15 h 30 à l'auditorium. Présence obligatoire pour le spectacle de fin d'année.

Mme Girard

Référence : 2026-324-3881",direction64@dessources.qc.ca,,ham
direction66@dessources.qc.ca,École secondaire,Club de bénévolat,"Le club de bénévolat cherche des élèves pour la bibliothèque municipale, les mardis après l'école. Inscription au local D-112.

Mme Morin

Référence : 2026-934-9270",direction88@dessources.qc.ca,,ham
direction66@dessources.qc.ca,École secondaire,Journée pyjama,"Vendredi, c'est la journée pyjama pour le carnaval d'hiver ! Apportez 2 $ pour la fondation de l'école.

Le comité étudiant

Référence : 2026-830-5681",direction19@dessources.qc.ca,,ham
direction52@dessources.qc.ca,École secondaire,Publication des bulletins,"Les bulletins seront disponibles sur le portail des parents lundi après-midi.

Le secrétariat

Référence : 2026-577-7812",direction79@dessources.qc.ca,,ham
direction63@dessources.qc.ca,École secondaire,Changement d'itinéraire,"Petit changement : l'autobus 3 partira de la rue des Érables à partir de lundi.

Le transport scolaire

Référence : 2026-865-9947",direction78@dessources.qc.ca,,ham
direction13@dessources.qc.ca,École secondaire,Trousse d'urgence,"La trousse d'urgence de l'école doit être complétée avec des gants et une bouteille d'eau. Merci de votre collaboration.

La direction

Référence : 2026-706-1444",direction60@dessources.qc.ca,,ham
direction@dessources.qc.ca,École secondaire,Rappel des devoirs,"Bonjour, petit rappel : les devoirs de mathématiques doivent être remis vendredi. Bonne semaine !

Mme Lavoie",direction@dessources.qc.ca,,ham
direction95@dessources.qc.ca,École secondaire,Fermeture hâtive mercredi,"Avis aux élèves : l'école fermera à 15 h mercredi pour une réunion des enseignants. Les autobus partiront à 15 h 15.

La direction

Référence : 2026-462-7658",direction23@dessources.qc.ca,,ham
direction58@dessources.qc.ca,École secondaire,Livre à retourner,"Rappel de la bibliothèque : le livre que vous avez emprunté doit être retourné d'ici vendredi. Merci !

Mme Fortin, bibliothécaire

Référence : 2026-979-8711",direction14@dessources.qc.ca,,ham
direction45@dessources.qc.ca,École secondaire,Pratique de hockey,"Entraînement de hockey demain à 16 h au gymnase. N'oubliez pas votre casque et votre bouteille d'eau. On compte sur vous !

M. Roy

Référence : 2026-756-9346",direction54@dessources.qc.ca,,ham
direction@dessources.qc.ca,École secondaire,Sortie au Musée des sciences,"La sortie au Musée des sciences est confirmée pour le 23 juin. Veuillez rapporter la permission signée au secrétariat avant vendredi.

Mme Lavoie",direction@dessources.qc.ca,,ham
direction50@dessources.qc.ca,École secondaire,Menu de la semaine,"Menu de la cafétéria de mardi : poutine, salade du jardin et compote de pommes. Bon appétit !

Le service de cafétéria

Référence : 2026-720-9379",direction65@dessources.qc.ca,,ham
direction65@dessources.qc.ca,École secondaire,Tournoi de soccer,"Le tournoi de soccer interclasses aura lieu la semaine prochaine. Les inscriptions se font au secrétariat jusqu'à jeudi.

M. Gagnon

Référence : 2026-780-6409",direction18@dessources.qc.ca,,ham
direction95@dessources.qc.ca,École secondaire,Club de robotique,"Rencontre du club de robotique jeudi à 12 h au local C-204. Apportez votre ordinateur portable.

Mme Bélanger

Référence : 2026-793-3851",direction58@dessources.qc.ca,,ham
direction75@dessources.qc.ca,École secondaire,Soirée portes ouvertes,"Les parents sont invités à la soirée portes ouvertes le 22 avril à 18 h. Une garderie sera disponible sur place.

La direction

Référence : 2026-912-3780",direction70@dessources.qc.ca,,ham
direction15@dessources.qc.ca,École secondaire,Récupération en mathématiques,"Séance de récupération en mathématiques : jeudi à 12 h au local B-108. Aucune inscription requise.

M. Bergeron

Référence : 2026-586-2193",direction41@dessources.qc.ca,,ham
direction99@dessources.qc.ca,École secondaire,Répétition de la chorale,"Répétition de la chorale mercredi à 15 h 30 à l'auditorium. Présence obligatoire pour le spectacle de fin d'année.

Mme Girard

Référence : 2026-575-1822",direction76@dessources.qc.ca,,ham
direction64@dessources.qc.ca,École secondaire,Club de bénévolat,"Le club de bénévolat cherche des élèves pour la bibliothèque municipale, les mardis après l'école. Inscription au local D-112.

Mme Morin

Référence : 2026-556-3607",direction80@dessources.qc.ca,,ham
direction40@dessources.qc.ca,École secondaire,Journée pyjama,"Vendredi, c'est la journée pyjama pour le carnaval d'hiver ! Apportez 2 $ pour la fondation de l'école.

Le comité étudiant

Référence : 2026-443-6238",direction44@dessources.qc.ca,,ham
direction17@dessources.qc.ca,École secondaire,Publication des bulletins,"Les bulletins seront disponibles sur le portail des parents lundi après-midi.

Le secrétariat

Référence : 2026-952-7883",direction36@dessources.qc.ca,,ham
direction87@dessources.qc.ca,École secondaire,Changement d'itinéraire,"Petit changement : l'autobus 3 partira de la rue des Érables à partir de lundi.

Le transport scolaire

Référence : 2026-599-4595",direction38@dessources.qc.ca,,ham
direction20@dessources.qc.ca,École secondaire,Trousse d'urgence,"La trousse d'urgence de l'école doit être complétée avec des gants et une bouteille d'eau. Merci de votre collaboration.

La direction

Référence : 2026-538-3223",direction92@dessources.qc.ca,,ham
direction@dessources.qc.ca,École secondaire,Rappel des devoirs,"Bonjour, petit rappel : les devoirs de arts plastiques doivent être remis mardi. Bonne semaine !

Mme Girard",direction@dessources.qc.ca,,ham
direction89@dessources.qc.ca,École secondaire,Fermeture hâtive mercredi,"Avis aux élèves : l'école fermera à 15 h mercredi pour une réunion des enseignants. Les autobus partiront à 15 h 15.

La direction

Référence : 2026-342-3662",direction29@dessources.qc.ca,,ham
direction38@dessources.qc.ca,École secondaire,Livre à retourner,"Rappel de la bibliothèque : le livre que vous avez emprunté doit être retourné d'ici vendredi. Merci !

Mme Fortin, bibliothécaire

Référence : 2026-936-8541",direction35@dessources.qc.ca,,ham
direction61@dessources.qc.ca,École secondaire,Pratique de hockey,"Entraînement de hockey demain à 16 h au gymnase. N'oubliez pas votre casque et votre bouteille d'eau. On compte sur vous !

M. Roy

Référence : 2026-963-9785",direction96@dessources.qc.ca,,ham
direction@dessources.qc.ca,École secondaire,Sortie au Musée des sciences,"La sortie au Musée des sciences est confirmée pour le 19 mars. Veuillez rapporter la permission signée au secrétariat avant lundi.

Mme Lavoie",direction@dessources.qc.ca,,ham
direction24@dessources.qc.ca,École secondaire,Menu de la semaine,"Menu de la cafétéria de mardi : poutine, salade du jardin et compote de pommes. Bon appétit !

Le service de cafétéria

Référence : 2026-690-4114",direction59@dessources.qc.ca,,ham
direction89@dessources.qc.ca,École secondaire,Tournoi de soccer,"Le tournoi de soccer interclasses aura lieu la semaine prochaine. Les inscriptions se font au secrétariat jusqu'à jeudi.

M. Gagnon

Référence : 2026-779-3041",direction50@dessources.qc.ca,,ham
direction88@dessources.qc.ca,École secondaire,Club de robotique,"Rencontre du club de robotique jeudi à 12 h au local C-204. Apportez votre ordinateur portable.

Mme Bélanger

Référence : 2026-408-7653",direction82@dessources.qc.ca,,ham
direction94@dessources.qc.ca,École secondaire,Soirée portes ouvertes,"Les parents sont invités à la soirée portes ouvertes le 22 avril à 18 h. Une garderie sera disponible sur place.

La direction

Référence : 2026-390-9445",direction20@dessources.qc.ca,,ham
direction68@dessources.qc.ca,École secondaire,Récupération en mathématiques,"Séance de récupération en mathématiques : jeudi à 12 h au local B-108. Aucune inscription requise.

M. Bergeron

Référence : 2026-744-4185",direction63@dessources.qc.ca,,ham
direction81@dessources.qc.ca,École secondaire,Répétition de la chorale,"Répétition de la chorale mercredi à 15 h 30 à l'auditorium. Présence obligatoire pour le spectacle de fin d'année.

Mme Girard

Référence : 2026-968-2988",direction41@dessources.qc.ca,,ham
direction70@dessources.qc.ca,École secondaire,Club de bénévolat,"Le club de bénévolat cherche des élèves pour la bibliothèque municipale, les mardis après l'école. Inscription au local D-112.

Mme Morin

Référence : 2026-365-5050",direction67@dessources.qc.ca,,ham
direction79@dessources.qc.ca,École secondaire,Journée pyjama,"Vendredi, c'est la journée pyjama pour le carnaval d'hiver ! Apportez 2 $ pour la fondation de l'école.

Le comité étudiant

Référence : 2026-241-3471",direction20@dessources.qc.ca,,ham
direction59@dessources.qc.ca,École secondaire,Publication des bulletins,"Les bulletins seront disponibles sur le portail des parents lundi après-midi.

Le secrétariat

Référence : 2026-812-1320",direction84@dessources.qc.ca,,ham
direction44@dessources.qc.ca,École secondaire,Changement d'itinéraire,"Petit changement : l'autobus 3 partira de la rue des Érables à partir de lundi.

Le transport scolaire

Référence : 2026-597-1475",direction65@dessources.qc.ca,,ham
direction69@dessources.qc.ca,École secondaire,Trousse d'urgence,"La trousse d'urgence de l'école doit être complétée avec des gants et une bouteille d'eau. Merci de votre collaboration.

La direction

Référence : 2026-151-5262",direction33@dessources.qc.ca,,ham
direction@dessources.qc.ca,École secondaire,Rappel des devoirs,"Bonjour, petit rappel : les devoirs de sciences doivent être remis jeudi. Bonne semaine !

Mme Bélanger",direction@dessources.qc.ca,,ham
direction32@dessources.qc.ca,École secondaire,Fermeture hâtive mercredi,"Avis aux élèves : l'école fermera à 15 h mercredi pour une réunion des enseignants. Les autobus partiront à 15 h 15.

La direction

Référence : 2026-125-3938",direction62@dessources.qc.ca,,ham
direction54@dessources.qc.ca,École secondaire,Livre à retourner,"Rappel de la bibliothèque : le livre que vous avez emprunté doit être retourné d'ici vendredi. Merci !

Mme Fortin, bibliothécaire

Référence : 2026-940-4728",direction49@dessources.qc.ca,,ham
direction52@dessources.qc.ca,École secondaire,Pratique de hockey,"Entraînement de hockey demain à 16 h au gymnase. N'oubliez pas votre casque et votre bouteille d'eau. On compte sur vous !

M. Roy

Référence : 2026-218-5279",direction13@dessources.qc.ca,,ham
direction@dessources.qc.ca,École secondaire,Sortie au Musée des sciences,"La sortie au Musée des sciences est confirmée pour le 9 février. Veuillez rapporter la permission signée au secrétariat avant mardi.

Mme Lavoie",direction@dessources.qc.ca,,ham
direction42@dessources.qc.ca,École secondaire,Menu de la semaine,"Menu de la cafétéria de mardi : poutine, salade du jardin et compote de pommes. Bon appétit !

Le service de cafétéria

Référence : 2026-825-8144",direction15@dessources.qc.ca,,ham
direction48@dessources.qc.ca,École secondaire,Tournoi de soccer,"Le tournoi de soccer interclasses aura lieu la semaine prochaine. Les inscriptions se font au secrétariat jusqu'à jeudi.

M. Gagnon

Référence : 2026-416-7691",direction74@dessources.qc.ca,,ham
direction80@dessources.qc.ca,École secondaire,Club de robotique,"Rencontre du club de robotique jeudi à 12 h au local C-204. Apportez votre ordinateur portable.

Mme Bélanger

Référence : 2026-411-5700",direction10@dessources.qc.ca,,ham
direction94@dessources.qc.ca,École secondaire,Soirée portes ouvertes,"Les parents sont invités à la soirée portes ouvertes le 22 avril à 18 h. Une garderie sera disponible sur place.

La direction

Référence : 2026-734-6491",direction91@dessources.qc.ca,,ham
direction99@dessources.qc.ca,École secondaire,Récupération en mathématiques,"Séance de récupération en mathématiques : jeudi à 12 h au local B-108. Aucune inscription requise.

M. Bergeron

Référence : 2026-606-7547",direction59@dessources.qc.ca,,ham
direction68@dessources.qc.ca,École secondaire,Répétition de la chorale,"Répétition de la chorale mercredi à 15 h 30 à l'auditorium. Présence obligatoire pour le spectacle de fin d'année.

Mme Girard

Référence : 2026-920-8612",direction27@dessources.qc.ca,,ham
direction91@dessources.qc.ca,École secondaire,Club de bénévolat,"Le club de bénévolat cherche des élèves pour la bibliothèque municipale, les mardis après l'école. Inscription au local D-112.

Mme Morin

Référence : 2026-884-9540",direction45@dessources.qc.ca,,ham
direction39@dessources.qc.ca,École secondaire,Journée pyjama,"Vendredi, c'est la journée pyjama pour le carnaval d'hiver ! Apportez 2 $ pour la fondation de l'école.

Le comité étudiant

Référence : 2026-810-3503",direction59@dessources.qc.ca,,ham
direction83@dessources.qc.ca,École secondaire,Publication des bulletins,"Les bulletins seront disponibles sur le portail des parents lundi après-midi.

Le secrétariat

Référence : 2026-588-1096",direction58@dessources.qc.ca,,ham
direction59@dessources.qc.ca,École secondaire,Changement d'itinéraire,"Petit changement : l'autobus 3 partira de la rue des Érables à partir de lundi.

Le transport scolaire

Référence : 2026-784-7624",direction53@dessources.qc.ca,,ham
direction58@dessources.qc.ca,École secondaire,Trousse d'urgence,"La trousse d'urgence de l'école doit être complétée avec des gants et une bouteille d'eau. Merci de votre collaboration.

La direction

Référence : 2026-316-8449",direction51@dessources.qc.ca,,ham
louis.ouellet@dessources.qc.ca,Louis Ouellet,Hockey samedi ?,"Salut ! Tu viens jouer au hockey dehors samedi après-midi ? On se rejoint au parc des Hirondelles à 13 h.

Gabriel",,,ham
rosalie.bélanger@dessources.qc.ca,Rosalie Bélanger,Question sur le devoir,"Allô ! Pour le devoir d'anglais, je me suis perdue à la question 4. On se voit à la bibliothèque demain midi ?

Juliette",,,ham
noémie.pelletier@dessources.qc.ca,Noémie Pelletier,Souper de dimanche,"Bonjour mon trésor, tu viens souper dimanche ? Je fais ton gâteau aux carottes préféré !

Grand-maman",,,ham
thomas.fortin@dessources.qc.ca,Thomas Fortin,Partie en ligne vendredi,"Salut ! Mon cousin m'a prêté un nouveau jeu. On joue en ligne vendredi soir après tes devoirs ?

Raphaël",,,ham
juliette.bergeron@dessources.qc.ca,Juliette Bergeron,Pour le projet de sciences,"Coucou ! Pour le projet de sciences, j'ai trouvé un site avec plein d'informations sur les volcans. Je te l'envoie demain.

Béatrice",,,ham
léa.bélanger@dessources.qc.ca,Léa Bélanger,Entraînement samedi,"Salut ! L'équipe de soccer s'entraîne samedi à 9 h au terrain du parc. N'oublie pas ton chandail rouge.

Coach Martin",,,ham
rosalie.fournier@dessources.qc.ca,Rosalie Fournier,Invitation à ma fête,"Allô ! Ma fête de fin de session est samedi à 14 h chez moi. Tu peux confirmer ta présence ?

Florence",,,ham
jacob.boisvert@dessources.qc.ca,Jacob Boisvert,Fournitures pour le projet,"Salut ! Peux-tu m'attendre après le cours de sciences ? On doit ramasser des fournitures au magasin pour le projet.

Thomas",,,ham
thomas.pelletier@dessources.qc.ca,Thomas Pelletier,Excursion à vélo,"Allô ! Si le temps est beau dimanche, on fait une excursion à vélo le long de la rivière. Tu es partant ?

William",,,ham
william.morin@dessources.qc.ca,William Morin,Photos du voyage,"Bonjour mon grand, j'ai des photos de notre voyage à te montrer. Viens me voir après l'école.

Marraine Lucie",,,ham
olivier.roy@dessources.qc.ca,Olivier Roy,Liste pour le camping,"Salut ! Pour le camping, voici ma liste : tente, sac de couchage, lampe de poche et barres tendres. À samedi !

Antoine",,,ham
juliette.lavoie@dessources.qc.ca,Juliette Lavoie,Cahier oublié,"Salut ! As-tu mon cahier de sciences ? Je pense l'avoir oublié au local B-204. Merci !

Charlotte",,,ham
sophie.roy@dessources.qc.ca,Sophie Roy,Début de saison,"Bonjour, la saison de soccer commence le 15 mai. Les uniformes seront distribués lundi.

Le comité des sports",,,ham
raphaël.lavoie@dessources.qc.ca,Raphaël Lavoie,Club de lecture,"Chers membres, le club de lecture se réunit jeudi à 12 h. Nouveau livre : « Les ailes de Léa ».

Le club de lecture",,,ham
raphaël.côté@dessources.qc.ca,Raphaël Côté,Journal de l'école,"Bonjour, votre abonnement au journal de l'école : premier numéro vendredi. Confirmez votre adresse.

Le journal étudiant",,,ham
charlotte.fortin@dessources.qc.ca,Charlotte Fortin,Partie de cartes vendredi,"Bonjour ! La partie de cartes de vendredi est déplacée chez William. Apporte tes chips préférés !

Édouard",,,ham
annabelle.boisvert@dessources.qc.ca,Annabelle Boisvert,Hockey samedi ?,"Salut ! Tu viens jouer au hockey dehors samedi après-midi ? On se rejoint au parc des Hirondelles à 13 h.

Émile",,,ham
noémie.gauthier@dessources.qc.ca,Noémie Gauthier,Question sur le devoir,"Allô ! Pour le devoir d'anglais, je me suis perdue à la question 4. On se voit à la bibliothèque demain midi ?

Camille",,,ham
noémie.morin@dessources.qc.ca,Noémie Morin,Souper de dimanche,"Bonjour mon trésor, tu viens souper dimanche ? Je fais ton gâteau aux carottes préféré !

Grand-maman",,,ham
antoine.fortin@dessources.qc.ca,Antoine Fortin,Partie en ligne vendredi,"Salut ! Mon cousin m'a prêté un nouveau jeu. On joue en ligne vendredi soir après tes devoirs ?

Jacob",,,ham
lucas.boisvert@dessources.qc.ca,Lucas Boisvert,Pour le projet de sciences,"Coucou ! Pour le projet de sciences, j'ai trouvé un site avec plein d'informations sur les volcans. Je te l'envoie demain.

Juliette",,,ham
thomas.boisvert@dessources.qc.ca,Thomas Boisvert,Entraînement samedi,"Salut ! L'équipe de soccer s'entraîne samedi à 9 h au terrain du parc. N'oublie pas ton chandail rouge.

Coach Martin",,,ham
camille.fournier@dessources.qc.ca,Camille Fournier,Invitation à ma fête,"Allô ! Ma fête de fin de session est samedi à 14 h chez moi. Tu peux confirmer ta présence ?

Noémie",,,ham
laurence.gauthier@dessources.qc.ca,Laurence Gauthier,Fournitures pour le projet,"Salut ! Peux-tu m'attendre après le cours de sciences ? On doit ramasser des fournitures au magasin pour le projet.

Thomas",,,ham
annabelle.bélanger@dessources.qc.ca,Annabelle Bélanger,Excursion à vélo,"Allô ! Si le temps est beau dimanche, on fait une excursion à vélo le long de la rivière. Tu es partant ?

William",,,ham
béatrice.boisvert@dessources.qc.ca,Béatrice Boisvert,Photos du voyage,"Bonjour mon grand, j'ai des photos de notre voyage à te montrer. Viens me voir après l'école.

Marraine Lucie",,,ham
olivier.fournier@dessources.qc.ca,Olivier Fournier,Liste pour le camping,"Salut ! Pour le camping, voici ma liste : tente, sac de couchage, lampe de poche et barres tendres. À samedi !

Antoine",,,ham
laurence.ouellet@dessources.qc.ca,Laurence Ouellet,Cahier oublié,"Salut ! As-tu mon cahier de sciences ? Je pense l'avoir oublié au local B-204. Merci !

Zoé",,,ham
louis.gagnon@dessources.qc.ca,Louis Gagnon,Début de saison,"Bonjour, la saison de soccer commence le 15 mai. Les uniformes seront distribués lundi.

Le comité des sports",,,ham
laurence.gagnon@dessources.qc.ca,Laurence Gagnon,Club de lecture,"Chers membres, le club de lecture se réunit jeudi à 12 h. Nouveau livre : « Les ailes de Léa ».

Le club de lecture",,,ham
édouard.ouellet@dessources.qc.ca,Édouard Ouellet,Journal de l'école,"Bonjour, votre abonnement au journal de l'école : premier numéro vendredi. Confirmez votre adresse.

Le journal étudiant",,,ham
charlotte.fortin51@dessources.qc.ca,Charlotte Fortin,Partie de cartes vendredi,"Bonjour ! La partie de cartes de vendredi est déplacée chez William. Apporte tes chips préférés !

Édouard

Référence : 2026-445-7211",,,ham
rosalie.morin@dessources.qc.ca,Rosalie Morin,Hockey samedi ?,"Salut ! Tu viens jouer au hockey dehors samedi après-midi ? On se rejoint au parc des Hirondelles à 13 h.

Lucas",,,ham
william.ouellet@dessources.qc.ca,William Ouellet,Question sur le devoir,"Allô ! Pour le devoir d'anglais, je me suis perdue à la question 4. On se voit à la bibliothèque demain midi ?

Léa",,,ham
nathan.leblanc@dessources.qc.ca,Nathan Leblanc,Souper de dimanche,"Bonjour mon trésor, tu viens souper dimanche ? Je fais ton gâteau aux carottes préféré !

Grand-maman",,,ham
charlotte.boisvert@dessources.qc.ca,Charlotte Boisvert,Partie en ligne vendredi,"Salut ! Mon cousin m'a prêté un nouveau jeu. On joue en ligne vendredi soir après tes devoirs ?

Olivier",,,ham
florence.fortin@dessources.qc.ca,Florence Fortin,Pour le projet de sciences,"Coucou ! Pour le projet de sciences, j'ai trouvé un site avec plein d'informations sur les volcans. Je te l'envoie demain.

Rosalie",,,ham
laurence.fournier@dessources.qc.ca,Laurence Fournier,Entraînement samedi,"Salut ! L'équipe de soccer s'entraîne samedi à 9 h au terrain du parc. N'oublie pas ton chandail rouge.

Coach Martin",,,ham
félix.fortin@dessources.qc.ca,Félix Fortin,Invitation à ma fête,"Allô ! Ma fête de fin de session est samedi à 14 h chez moi. Tu peux confirmer ta présence ?

Noémie",,,ham
william.lévesque@dessources.qc.ca,William Lévesque,Fournitures pour le projet,"Salut ! Peux-tu m'attendre après le cours de sciences ? On doit ramasser des fournitures au magasin pour le projet.

Thomas",,,ham
émile.caron@dessources.qc.ca,Émile Caron,Excursion à vélo,"Allô ! Si le temps est beau dimanche, on fait une excursion à vélo le long de la rivière. Tu es partant ?

William",,,ham
charlotte.pelletier@dessources.qc.ca,Charlotte Pelletier,Photos du voyage,"Bonjour mon grand, j'ai des photos de notre voyage à te montrer. Viens me voir après l'école.

Marraine Lucie",,,ham
laurence.bouchard@dessources.qc.ca,Laurence Bouchard,Liste pour le camping,"Salut ! Pour le camping, voici ma liste : tente, sac de couchage, lampe de poche et barres tendres. À samedi !

Antoine",,,ham
gabriel.leblanc@dessources.qc.ca,Gabriel Leblanc,Cahier oublié,"Salut ! As-tu mon cahier de sciences ? Je pense l'avoir oublié au local B-204. Merci !

Juliette",,,ham
louis.gagnon45@dessources.qc.ca,Louis Gagnon,Début de saison,"Bonjour, la saison de soccer commence le 15 mai. Les uniformes seront distribués lundi.

Le comité des sports

Référence : 2026-870-7906",,,ham
raphaël.côté@dessources.qc.ca,Raphaël Côté,Club de lecture,"Chers membres, le club de lecture se réunit jeudi à 12 h. Nouveau livre : « Les ailes de Léa ».

Le club de lecture",,,ham
florence.boisvert@dessources.qc.ca,Florence Boisvert,Journal de l'école,"Bonjour, votre abonnement au journal de l'école : premier numéro vendredi. Confirmez votre adresse.

Le journal étudiant",,,ham
camille.lévesque@dessources.qc.ca,Camille Lévesque,Partie de cartes vendredi,"Bonjour ! La partie de cartes de vendredi est déplacée chez William. Apporte tes chips préférés !

Édouard",,,ham
thomas.roy@dessources.qc.ca,Thomas Roy,Hockey samedi ?,"Salut ! Tu viens jouer au hockey dehors samedi après-midi ? On se rejoint au parc des Hirondelles à 13 h.

Antoine",,,ham
charlotte.dubois@dessources.qc.ca,Charlotte Dubois,Question sur le devoir,"Allô ! Pour le devoir d'anglais, je me suis perdue à la question 4. On se voit à la bibliothèque demain midi ?

Laurence",,,ham
gabriel.fortin@dessources.qc.ca,Gabriel Fortin,Souper de dimanche,"Bonjour mon trésor, tu viens souper dimanche ? Je fais ton gâteau aux carottes préféré !

Grand-maman",,,ham
félix.tremblay@dessources.qc.ca,Félix Tremblay,Partie en ligne vendredi,"Salut ! Mon cousin m'a prêté un nouveau jeu. On joue en ligne vendredi soir après tes devoirs ?

Édouard",,,ham
charles.côté@dessources.qc.ca,Charles Côté,Pour le projet de sciences,"Coucou ! Pour le projet de sciences, j'ai trouvé un site avec plein d'informations sur les volcans. Je te l'envoie demain.

Amélie",,,ham
émile.fournier@dessources.qc.ca,Émile Fournier,Entraînement samedi,"Salut ! L'équipe de soccer s'entraîne samedi à 9 h au terrain du parc. N'oublie pas ton chandail rouge.

Coach Martin",,,ham
louis.fortin@dessources.qc.ca,Louis Fortin,Invitation à ma fête,"Allô ! Ma fête de fin de session est samedi à 14 h chez moi. Tu peux confirmer ta présence ?

Charlotte",,,ham
nathan.ouellet@dessources.qc.ca,Nathan Ouellet,Fournitures pour le projet,"Salut ! Peux-tu m'attendre après le cours de sciences ? On doit ramasser des fournitures au magasin pour le projet.

Thomas",,,ham
léa.gagné@dessources.qc.ca,Léa Gagné,Excursion à vélo,"Allô ! Si le temps est beau dimanche, on fait une excursion à vélo le long de la rivière. Tu es partant ?

William",,,ham
zoé.gauthier@dessources.qc.ca,Zoé Gauthier,Photos du voyage,"Bonjour mon grand, j'ai des photos de notre voyage à te montrer. Viens me voir après l'école.

Marraine Lucie",,,ham
annabelle.tremblay@dessources.qc.ca,Annabelle Tremblay,Liste pour le camping,"Salut ! Pour le camping, voici ma liste : tente, sac de couchage, lampe de poche et barres tendres. À samedi !

Antoine",,,ham
charles.fortin@dessources.qc.ca,Charles Fortin,Cahier oublié,"Salut ! As-tu mon cahier de sciences ? Je pense l'avoir oublié au local B-204. Merci !

Béatrice",,,ham
louis.gauthier@dessources.qc.ca,Louis Gauthier,Début de saison,"Bonjour, la saison de soccer commence le 15 mai. Les uniformes seront distribués lundi.

Le comité des sports",,,ham
gabriel.côté@dessources.qc.ca,Gabriel Côté,Club de lecture,"Chers membres, le club de lecture se réunit jeudi à 12 h. Nouveau livre : « Les ailes de Léa ».

Le club de lecture",,,ham
raphaël.boisvert@dessources.qc.ca,Raphaël Boisvert,Journal de l'école,"Bonjour, votre abonnement au journal de l'école : premier numéro vendredi. Confirmez votre adresse.

Le journal étudiant",,,ham
sophie.boisvert@dessources.qc.ca,Sophie Boisvert,Partie de cartes vendredi,"Bonjour ! La partie de cartes de vendredi est déplacée chez William. Apporte tes chips préférés !

Édouard",,,ham
prof.girard@dessources.qc.ca,Mme Morin,Résultats de l'examen,"Bonjour, vos résultats de l'examen de histoire sont corrigés. Vous avez bien travaillé, continuez ainsi !

M. Gagnon",prof.pelletier@dessources.qc.ca,,ham
prof.gauthier@dessources.qc.ca,M. Pelletier,Question sur le devoir,"Bonjour, une petite question sur le devoir de informatique : au numéro 2, on doit souligner les verbes ou les adjectifs ? Merci !

Annabelle Tremblay",prof.dubois@dessources.qc.ca,,ham
prof.ouellet@dessources.qc.ca,Mme Girard,Projet à remettre,"Rappel : le projet de sciences est à remettre vendredi avant 16 h. N'oubliez pas votre carnet de laboratoire.

M. Gagnon",prof.tremblay@dessources.qc.ca,,ham
prof.côté@dessources.qc.ca,Mme Bélanger,Laboratoire de chimie,"Avis aux élèves du cours de chimie : portez votre sarrau et vos lunettes pour la séance de laboratoire de jeudi.

Mme Lavoie",prof.gagné@dessources.qc.ca,,ham
prof.lavoie@dessources.qc.ca,M. Bergeron,Lecture pour lundi,"Lecture à faire pour lundi : le chapitre 4 du roman « La forêt mystérieuse ». Un petit quiz vous attend !

M. Roy",prof.lavoie@dessources.qc.ca,,ham
prof.caron@dessources.qc.ca,Mme Fortin,Examen devancé,"Changement d'horaire : l'examen d'histoire est devancé à mercredi au lieu de jeudi. Bonne révision !

Mme Bélanger",prof.roy@dessources.qc.ca,,ham
prof.leblanc@dessources.qc.ca,Mme Fortin,Résultats du quiz,"Bonjour, les résultats du quiz d'histoire sont affichés sur le portail. On reprendra le chapitre 2 en classe.

Mme Bélanger",prof.fournier@dessources.qc.ca,,ham
prof.bouchard@dessources.qc.ca,M. Gagnon,Atelier de programmation,"Atelier optionnel de programmation : samedi matin au local d'informatique. Maximum 15 places.

M. Caron",prof.leblanc@dessources.qc.ca,,ham
prof.fournier@dessources.qc.ca,M. Gagnon,Révision avant l'examen,"Exercices de révision avant l'examen : pages 18 à 25 du cahier. Les réponses seront corrigées en classe vendredi.

M. Bergeron",prof.fortin@dessources.qc.ca,,ham
prof.girard@dessources.qc.ca,Mme Morin,Concours de mathématiques,"Le concours de mathématiques du district aura lieu le 12 mai. Les élèves intéressés doivent me le dire avant vendredi.

M. Bergeron",prof.lévesque@dessources.qc.ca,,ham
prof.morin@dessources.qc.ca,M. Pelletier,Résultats de l'examen,"Bonjour, vos résultats de l'examen de histoire sont corrigés. Vous avez bien travaillé, continuez ainsi !

M. Roy",prof.bélanger@dessources.qc.ca,,ham
prof.boisvert@dessources.qc.ca,Mme Bélanger,Question sur le devoir,"Bonjour, une petite question sur le devoir de musique : au numéro 2, on doit souligner les verbes ou les adjectifs ? Merci !

Annabelle Girard",prof.bergeron@dessources.qc.ca,,ham
prof.côté@dessources.qc.ca,Mme Lavoie,Projet à remettre,"Rappel : le projet de sciences est à remettre vendredi avant 16 h. N'oubliez pas votre carnet de laboratoire.

M. Gagnon",prof.lavoie@dessources.qc.ca,,ham
prof.roy@dessources.qc.ca,Mme Bélanger,Laboratoire de chimie,"Avis aux élèves du cours de chimie : portez votre sarrau et vos lunettes pour la séance de laboratoire de jeudi.

Mme Lavoie",prof.tremblay@dessources.qc.ca,,ham
prof.caron@dessources.qc.ca,M. Pelletier,Lecture pour lundi,"Lecture à faire pour lundi : le chapitre 4 du roman « La forêt mystérieuse ». Un petit quiz vous attend !

M. Roy",prof.lavoie@dessources.qc.ca,,ham
prof.caron@dessources.qc.ca,Mme Lavoie,Examen devancé,"Changement d'horaire : l'examen d'histoire est devancé à mercredi au lieu de jeudi. Bonne révision !

Mme Bélanger",prof.tremblay@dessources.qc.ca,,ham
prof.roy@dessources.qc.ca,M. Bergeron,Résultats du quiz,"Bonjour, les résultats du quiz d'histoire sont affichés sur le portail. On reprendra le chapitre 2 en classe.

Mme Bélanger",prof.lavoie@dessources.qc.ca,,ham
prof.roy@dessources.qc.ca,M. Bergeron,Atelier de programmation,"Atelier optionnel de programmation : samedi matin au local d'informatique. Maximum 15 places.

M. Caron",prof.ouellet@dessources.qc.ca,,ham
prof.roy@dessources.qc.ca,M. Pelletier,Révision avant l'examen,"Exercices de révision avant l'examen : pages 18 à 25 du cahier. Les réponses seront corrigées en classe vendredi.

M. Bergeron",prof.lavoie@dessources.qc.ca,,ham
prof.fortin@dessources.qc.ca,Mme Girard,Concours de mathématiques,"Le concours de mathématiques du district aura lieu le 12 mai. Les élèves intéressés doivent me le dire avant vendredi.

M. Bergeron",prof.morin@dessources.qc.ca,,ham
prof.fournier@dessources.qc.ca,M. Gagnon,Résultats de l'examen,"Bonjour, vos résultats de l'examen de musique sont corrigés. Vous avez bien travaillé, continuez ainsi !

Mme Lavoie",prof.leblanc@dessources.qc.ca,,ham
prof.lévesque@dessources.qc.ca,Mme Lavoie,Question sur le devoir,"Bonjour, une petite question sur le devoir de français : au numéro 2, on doit souligner les verbes ou les adjectifs ? Merci !

Juliette Lévesque",prof.pelletier@dessources.qc.ca,,ham
prof.lévesque@dessources.qc.ca,M. Caron,Projet à remettre,"Rappel : le projet de sciences est à remettre vendredi avant 16 h. N'oubliez pas votre carnet de laboratoire.

M. Gagnon",prof.bergeron@dessources.qc.ca,,ham
prof.gagnon@dessources.qc.ca,Mme Fortin,Laboratoire de chimie,"Avis aux élèves du cours de chimie : portez votre sarrau et vos lunettes pour la séance de laboratoire de jeudi.

Mme Lavoie",prof.gagnon@dessources.qc.ca,,ham
prof.bélanger@dessources.qc.ca,Mme Bélanger,Lecture pour lundi,"Lecture à faire pour lundi : le chapitre 4 du roman « La forêt mystérieuse ». Un petit quiz vous attend !

M. Roy",prof.côté@dessources.qc.ca,,ham
prof.lavoie@dessources.qc.ca,Mme Lavoie,Examen devancé,"Changement d'horaire : l'examen d'histoire est devancé à mercredi au lieu de jeudi. Bonne révision !

Mme Bélanger",prof.morin@dessources.qc.ca,,ham
prof.fournier@dessources.qc.ca,Mme Girard,Résultats du quiz,"Bonjour, les résultats du quiz d'histoire sont affichés sur le portail. On reprendra le chapitre 2 en classe.

Mme Bélanger",prof.bouchard@dessources.qc.ca,,ham
prof.lévesque@dessources.qc.ca,M. Gagnon,Atelier de programmation,"Atelier optionnel de programmation : samedi matin au local d'informatique. Maximum 15 places.

M. Caron",prof.fortin@dessources.qc.ca,,ham
prof.bergeron@dessources.qc.ca,Mme Lavoie,Révision avant l'examen,"Exercices de révision avant l'examen : pages 18 à 25 du cahier. Les réponses seront corrigées en classe vendredi.

M. Bergeron",prof.roy@dessources.qc.ca,,ham
prof.bergeron@dessources.qc.ca,M. Pelletier,Concours de mathématiques,"Le concours de mathématiques du district aura lieu le 12 mai. Les élèves intéressés doivent me le dire avant vendredi.

M. Bergeron",prof.côté@dessources.qc.ca,,ham
prof.gagnon@dessources.qc.ca,M. Pelletier,Résultats de l'examen,"Bonjour, vos résultats de l'examen de mathématiques sont corrigés. Vous avez bien travaillé, continuez ainsi !

Mme Fortin",prof.lavoie@dessources.qc.ca,,ham
prof.gauthier@dessources.qc.ca,M. Caron,Question sur le devoir,"Bonjour, une petite question sur le devoir de musique : au numéro 2, on doit souligner les verbes ou les adjectifs ? Merci !

Laurence Morin",prof.bélanger@dessources.qc.ca,,ham
prof.gagnon@dessources.qc.ca,M. Gagnon,Projet à remettre,"Rappel : le projet de sciences est à remettre vendredi avant 16 h. N'oubliez pas votre carnet de laboratoire.

M. Gagnon",prof.bélanger@dessources.qc.ca,,ham
prof.tremblay@dessources.qc.ca,M. Caron,Laboratoire de chimie,"Avis aux élèves du cours de chimie : portez votre sarrau et vos lunettes pour la séance de laboratoire de jeudi.

Mme Lavoie",prof.fortin@dessources.qc.ca,,ham
prof.bergeron@dessources.qc.ca,M. Roy,Lecture pour lundi,"Lecture à faire pour lundi : le chapitre 4 du roman « La forêt mystérieuse ». Un petit quiz vous attend !

M. Roy",prof.lévesque@dessources.qc.ca,,ham
prof.fournier@dessources.qc.ca,Mme Girard,Examen devancé,"Changement d'horaire : l'examen d'histoire est devancé à mercredi au lieu de jeudi. Bonne révision !

Mme Bélanger",prof.bouchard@dessources.qc.ca,,ham
prof.morin@dessources.qc.ca,M. Roy,Résultats du quiz,"Bonjour, les résultats du quiz d'histoire sont affichés sur le portail. On reprendra le chapitre 2 en classe.

Mme Bélanger",prof.morin@dessources.qc.ca,,ham
prof.gagnon@dessources.qc.ca,Mme Morin,Atelier de programmation,"Atelier optionnel de programmation : samedi matin au local d'informatique. Maximum 15 places.

M. Caron",prof.fournier@dessources.qc.ca,,ham
prof.gagnon@dessources.qc.ca,Mme Bélanger,Révision avant l'examen,"Exercices de révision avant l'examen : pages 18 à 25 du cahier. Les réponses seront corrigées en classe vendredi.

M. Bergeron",prof.gagnon@dessources.qc.ca,,ham
prof.gagnon@dessources.qc.ca,Mme Morin,Concours de mathématiques,"Le concours de mathématiques du district aura lieu le 12 mai. Les élèves intéressés doivent me le dire avant vendredi.

M. Bergeron",prof.leblanc@dessources.qc.ca,,ham
prof.girard@dessources.qc.ca,M. Pelletier,Résultats de l'examen,"Bonjour, vos résultats de l'examen de sciences sont corrigés. Vous avez bien travaillé, continuez ainsi !

M. Bergeron",prof.girard@dessources.qc.ca,,ham
prof.roy@dessources.qc.ca,M. Gagnon,Question sur le devoir,"Bonjour, une petite question sur le devoir de français : au numéro 2, on doit souligner les verbes ou les adjectifs ? Merci !

Sophie Roy",prof.lavoie@dessources.qc.ca,,ham
prof.bélanger@dessources.qc.ca,Mme Fortin,Projet à remettre,"Rappel : le projet de sciences est à remettre vendredi avant 16 h. N'oubliez pas votre carnet de laboratoire.

M. Gagnon",prof.caron@dessources.qc.ca,,ham
prof.lavoie@dessources.qc.ca,Mme Morin,Laboratoire de chimie,"Avis aux élèves du cours de chimie : portez votre sarrau et vos lunettes pour la séance de laboratoire de jeudi.

Mme Lavoie",prof.dubois@dessources.qc.ca,,ham
prof.gagnon@dessources.qc.ca,Mme Morin,Lecture pour lundi,"Lecture à faire pour lundi : le chapitre 4 du roman « La forêt mystérieuse ». Un petit quiz vous attend !

M. Roy",prof.roy@dessources.qc.ca,,ham
prof.lévesque@dessources.qc.ca,Mme Morin,Examen devancé,"Changement d'horaire : l'examen d'histoire est devancé à mercredi au lieu de jeudi. Bonne révision !

Mme Bélanger",prof.caron@dessources.qc.ca,,ham
prof.girard@dessources.qc.ca,Mme Bélanger,Résultats du quiz,"Bonjour, les résultats du quiz d'histoire sont affichés sur le portail. On reprendra le chapitre 2 en classe.

Mme Bélanger",prof.fortin@dessources.qc.ca,,ham
prof.morin@dessources.qc.ca,Mme Bélanger,Atelier de programmation,"Atelier optionnel de programmation : samedi matin au local d'informatique. Maximum 15 places.

M. Caron",prof.lavoie@dessources.qc.ca,,ham
prof.fortin@dessources.qc.ca,M. Caron,Révision avant l'examen,"Exercices de révision avant l'examen : pages 18 à 25 du cahier. Les réponses seront corrigées en classe vendredi.

M. Bergeron",prof.bouchard@dessources.qc.ca,,ham
prof.boisvert@dessources.qc.ca,M. Roy,Concours de mathématiques,"Le concours de mathématiques du district aura lieu le 12 mai. Les élèves intéressés doivent me le dire avant vendredi.

M. Bergeron",prof.bergeron@dessources.qc.ca,,ham
comptes@hydroquebec.com,Hydro-Québec,Votre facture de février est disponible,"Votre facture est accessible dans votre Espace client. Montant : 87,43 $. Aucune action requise si vous êtes inscrit au prélèvement automatique.

Hydro-Québec",comptes@hydroquebec.com,,ham
noreply@desjardins.com,AccèsD Desjardins,Transaction sur votre compte,"Bonjour, une transaction a été effectuée sur votre compte AccèsD. Consultez vos relevés sur accesd.desjardins.com pour les détails.

Desjardins",noreply@desjardins.com,,ham
noreply@steampowered.com,Steam,Confirmation de votre achat,"Bonjour, votre achat de la semaine est confirmé. Le téléchargement du jeu est disponible dans votre bibliothèque Steam.

L'équipe Steam",noreply@steampowered.com,,ham
info@netflix.com,Netflix,Votre abonnement est renouvelé,"Bonjour, nous vous confirmons le renouvellement de votre abonnement Netflix. Aucune action requise. Merci !

Netflix",info@netflix.com,,ham
receipts@apple.com,Apple,Reçu de l'App Store,"Bonjour, voici votre reçu de l'App Store pour l'application de mathématiques. Montant : 4,99 $.

Apple",receipts@apple.com,,ham
comptes@bmo.com,BMO,Confirmation de virement,"Bonjour, votre virement de 25 $ a été effectué avec succès. Un accusé vous a été envoyé par courriel.

BMO",comptes@bmo.com,,ham
commande@amazon.ca,Amazon.ca,Votre commande est expédiée,"Bonjour, votre commande est expédiée ! Vous pouvez suivre le colis sur amazon.ca avec le numéro 1Z-8821-4471.

Amazon.ca",commande@amazon.ca,,ham
noreply@microsoftonline.com,Équipe Microsoft 365,Votre mot de passe expirera bientôt,"Bonjour, votre mot de passe Microsoft expirera dans 30 jours. Mettez-le à jour sur outlook.live.com lorsque vous aurez le temps.

Microsoft",noreply@microsoftonline.com,,ham
comptes42@hydroquebec.com,Hydro-Québec,Votre facture de février est disponible,"Votre facture est accessible dans votre Espace client. Montant : 87,43 $. Aucune action requise si vous êtes inscrit au prélèvement automatique.

Hydro-Québec

Référence : 2026-581-1317",comptes20@hydroquebec.com,,ham
noreply89@desjardins.com,AccèsD Desjardins,Transaction sur votre compte,"Bonjour, une transaction a été effectuée sur votre compte AccèsD. Consultez vos relevés sur accesd.desjardins.com pour les détails.

Desjardins

Référence : 2026-344-3068",noreply29@desjardins.com,,ham
noreply30@steampowered.com,Steam,Confirmation de votre achat,"Bonjour, votre achat de la semaine est confirmé. Le téléchargement du jeu est disponible dans votre bibliothèque Steam.

L'équipe Steam

Référence : 2026-210-1420",noreply49@steampowered.com,,ham
info97@netflix.com,Netflix,Votre abonnement est renouvelé,"Bonjour, nous vous confirmons le renouvellement de votre abonnement Netflix. Aucune action requise. Merci !

Netflix

Référence : 2026-924-2983",info86@netflix.com,,ham
receipts63@apple.com,Apple,Reçu de l'App Store,"Bonjour, voici votre reçu de l'App Store pour l'application de mathématiques. Montant : 4,99 $.

Apple

Référence : 2026-208-8102",receipts72@apple.com,,ham
comptes71@bmo.com,BMO,Confirmation de virement,"Bonjour, votre virement de 25 $ a été effectué avec succès. Un accusé vous a été envoyé par courriel.

BMO

Référence : 2026-546-5397",comptes69@bmo.com,,ham
commande53@amazon.ca,Amazon.ca,Votre commande est expédiée,"Bonjour, votre commande est expédiée ! Vous pouvez suivre le colis sur amazon.ca avec le numéro 1Z-8821-4471.

Amazon.ca

Référence : 2026-606-6325",commande13@amazon.ca,,ham
noreply20@microsoftonline.com,Équipe Microsoft 365,Votre mot de passe expirera bientôt,"Bonjour, votre mot de passe Microsoft expirera dans 30 jours. Mettez-le à jour sur outlook.live.com lorsque vous aurez le temps.

Microsoft

Référence : 2026-837-7658",noreply40@microsoftonline.com,,ham
comptes79@hydroquebec.com,Hydro-Québec,Votre facture de février est disponible,"Votre facture est accessible dans votre Espace client. Montant : 87,43 $. Aucune action requise si vous êtes inscrit au prélèvement automatique.

Hydro-Québec

Référence : 2026-458-4673",comptes16@hydroquebec.com,,ham
noreply70@desjardins.com,AccèsD Desjardins,Transaction sur votre compte,"Bonjour, une transaction a été effectuée sur votre compte AccèsD. Consultez vos relevés sur accesd.desjardins.com pour les détails.

Desjardins

Référence : 2026-217-4571",noreply95@desjardins.com,,ham
noreply49@steampowered.com,Steam,Confirmation de votre achat,"Bonjour, votre achat de la semaine est confirmé. Le téléchargement du jeu est disponible dans votre bibliothèque Steam.

L'équipe Steam

Référence : 2026-793-7149",noreply83@steampowered.com,,ham
info82@netflix.com,Netflix,Votre abonnement est renouvelé,"Bonjour, nous vous confirmons le renouvellement de votre abonnement Netflix. Aucune action requise. Merci !

Netflix

Référence : 2026-455-9728",info15@netflix.com,,ham
receipts56@apple.com,Apple,Reçu de l'App Store,"Bonjour, voici votre reçu de l'App Store pour l'application de mathématiques. Montant : 4,99 $.

Apple

Référence : 2026-948-8532",receipts91@apple.com,,ham
comptes51@bmo.com,BMO,Confirmation de virement,"Bonjour, votre virement de 25 $ a été effectué avec succès. Un accusé vous a été envoyé par courriel.

BMO

Référence : 2026-950-2419",comptes41@bmo.com,,ham
commande33@amazon.ca,Amazon.ca,Votre commande est expédiée,"Bonjour, votre commande est expédiée ! Vous pouvez suivre le colis sur amazon.ca avec le numéro 1Z-8821-4471.

Amazon.ca

Référence : 2026-317-6813",commande72@amazon.ca,,ham
noreply72@microsoftonline.com,Équipe Microsoft 365,Votre mot de passe expirera bientôt,"Bonjour, votre mot de passe Microsoft expirera dans 30 jours. Mettez-le à jour sur outlook.live.com lorsque vous aurez le temps.

Microsoft

Référence : 2026-876-4937",noreply81@microsoftonline.com,,ham
comptes93@hydroquebec.com,Hydro-Québec,Votre facture de février est disponible,"Votre facture est accessible dans votre Espace client. Montant : 87,43 $. Aucune action requise si vous êtes inscrit au prélèvement automatique.

Hydro-Québec

Référence : 2026-899-1659",comptes18@hydroquebec.com,,ham
noreply69@desjardins.com,AccèsD Desjardins,Transaction sur votre compte,"Bonjour, une transaction a été effectuée sur votre compte AccèsD. Consultez vos relevés sur accesd.desjardins.com pour les détails.

Desjardins

Référence : 2026-362-7043",noreply99@desjardins.com,,ham
noreply60@steampowered.com,Steam,Confirmation de votre achat,"Bonjour, votre achat de la semaine est confirmé. Le téléchargement du jeu est disponible dans votre bibliothèque Steam.

L'équipe Steam

Référence : 2026-177-4978",noreply35@steampowered.com,,ham
info64@netflix.com,Netflix,Votre abonnement est renouvelé,"Bonjour, nous vous confirmons le renouvellement de votre abonnement Netflix. Aucune action requise. Merci !

Netflix

Référence : 2026-479-2129",info94@netflix.com,,ham
receipts29@apple.com,Apple,Reçu de l'App Store,"Bonjour, voici votre reçu de l'App Store pour l'application de mathématiques. Montant : 4,99 $.

Apple

Référence : 2026-280-9548",receipts65@apple.com,,ham
comptes45@bmo.com,BMO,Confirmation de virement,"Bonjour, votre virement de 25 $ a été effectué avec succès. Un accusé vous a été envoyé par courriel.

BMO

Référence : 2026-349-8613",comptes67@bmo.com,,ham
commande43@amazon.ca,Amazon.ca,Votre commande est expédiée,"Bonjour, votre commande est expédiée ! Vous pouvez suivre le colis sur amazon.ca avec le numéro 1Z-8821-4471.

Amazon.ca

Référence : 2026-386-5526",commande53@amazon.ca,,ham
noreply98@microsoftonline.com,Équipe Microsoft 365,Votre mot de passe expirera bientôt,"Bonjour, votre mot de passe Microsoft expirera dans 30 jours. Mettez-le à jour sur outlook.live.com lorsque vous aurez le temps.

Microsoft

Référence : 2026-761-9041",noreply70@microsoftonline.com,,ham
comptes13@hydroquebec.com,Hydro-Québec,Votre facture de février est disponible,"Votre facture est accessible dans votre Espace client. Montant : 87,43 $. Aucune action requise si vous êtes inscrit au prélèvement automatique.

Hydro-Québec

Référence : 2026-304-1333",comptes41@hydroquebec.com,,ham
noreply31@desjardins.com,AccèsD Desjardins,Transaction sur votre compte,"Bonjour, une transaction a été effectuée sur votre compte AccèsD. Consultez vos relevés sur accesd.desjardins.com pour les détails.

Desjardins

Référence : 2026-721-2876",noreply87@desjardins.com,,ham
noreply23@steampowered.com,Steam,Confirmation de votre achat,"Bonjour, votre achat de la semaine est confirmé. Le téléchargement du jeu est disponible dans votre bibliothèque Steam.

L'équipe Steam

Référence : 2026-891-5941",noreply99@steampowered.com,,ham
info74@netflix.com,Netflix,Votre abonnement est renouvelé,"Bonjour, nous vous confirmons le renouvellement de votre abonnement Netflix. Aucune action requise. Merci !

Netflix

Référence : 2026-449-1207",info92@netflix.com,,ham
receipts93@apple.com,Apple,Reçu de l'App Store,"Bonjour, voici votre reçu de l'App Store pour l'application de mathématiques. Montant : 4,99 $.

Apple

Référence : 2026-730-9817",receipts44@apple.com,,ham
comptes82@bmo.com,BMO,Confirmation de virement,"Bonjour, votre virement de 25 $ a été effectué avec succès. Un accusé vous a été envoyé par courriel.

BMO

Référence : 2026-784-7209",comptes88@bmo.com,,ham
commande81@amazon.ca,Amazon.ca,Votre commande est expédiée,"Bonjour, votre commande est expédiée ! Vous pouvez suivre le colis sur amazon.ca avec le numéro 1Z-8821-4471.

Amazon.ca

Référence : 2026-629-4130",commande11@amazon.ca,,ham
noreply67@microsoftonline.com,Équipe Microsoft 365,Votre mot de passe expirera bientôt,"Bonjour, votre mot de passe Microsoft expirera dans 30 jours. Mettez-le à jour sur outlook.live.com lorsque vous aurez le temps.

Microsoft

Référence : 2026-195-5820",noreply12@microsoftonline.com,,ham
info@infolettre-cuisine.com,Infolettre Cuisine,Infolettre - 5 recettes de saison,"Voici notre infolettre de la semaine : 5 recettes de saison avec des légumes du Québec. Pour vous désabonner, utilisez le lien en bas de page.

L'équipe Cuisine du coin",bounce-6180@infolettre-cuisine.com,,ham
info@bibliotheque-municipale.qc.ca,La bibliothèque,Nouveautés de la bibliothèque,"Nouveautés : 12 nouvelles bandes dessinées et 8 romans jeunesse sont arrivés. Bonne lecture !

La bibliothèque",bounce-2188@bibliotheque-municipale.qc.ca,,ham
info@sports-quartier.qc.ca,Le comité des sports,Bulletin des sports du quartier,"Le bulletin des sports du quartier : inscriptions au camp de soccer, match de hockey samedi et résultats de la ligue.

Le comité des sports",bounce-1152@sports-quartier.qc.ca,,ham
journal@dessources.qc.ca,Le journal de l'école,Le journal de l'école est arrivé,"Le journal de l'école vous salue ! Ce mois-ci : l'entrevue avec la gagnante du concours de poésie et les photos de la journée carnaval.

Le comité du journal",bounce-8508@dessources.qc.ca,,ham
info@ecoaction.qc.ca,EcoAction,Infolettre de l'environnement,"L'infolettre de l'environnement : le grand ménage de printemps du parc est samedi. Des gants seront fournis.

EcoAction",bounce-2638@ecoaction.qc.ca,,ham
club@echecs-ecole.qc.ca,Le club d'échecs,Tournoi interne dimanche,"Le club d'échecs publie son infolettre : tournoi interne dimanche à 13 h, niveau débutant bienvenu.

Le club d'échecs",bounce-2200@echecs-ecole.qc.ca,,ham
coop@dessources.qc.ca,La coop scolaire,Fruits et légumes de la semaine,"La coop scolaire a reçu ses fruits et légumes de la semaine : pommes, bananes et carottes. Passez nous voir !

La coop",bounce-9808@dessources.qc.ca,,ham
info38@infolettre-cuisine.com,Infolettre Cuisine,Infolettre - 5 recettes de saison,"Voici notre infolettre de la semaine : 5 recettes de saison avec des légumes du Québec. Pour vous désabonner, utilisez le lien en bas de page.

L'équipe Cuisine du coin

Référence : 2026-808-4986",bounce-449261@infolettre-cuisine.com,,ham
info99@bibliotheque-municipale.qc.ca,La bibliothèque,Nouveautés de la bibliothèque,"Nouveautés : 12 nouvelles bandes dessinées et 8 romans jeunesse sont arrivés. Bonne lecture !

La bibliothèque

Référence : 2026-377-6023",bounce-928868@bibliotheque-municipale.qc.ca,,ham
info71@sports-quartier.qc.ca,Le comité des sports,Bulletin des sports du quartier,"Le bulletin des sports du quartier : inscriptions au camp de soccer, match de hockey samedi et résultats de la ligue.

Le comité des sports

Référence : 2026-841-9595",bounce-534545@sports-quartier.qc.ca,,ham
journal26@dessources.qc.ca,Le journal de l'école,Le journal de l'école est arrivé,"Le journal de l'école vous salue ! Ce mois-ci : l'entrevue avec la gagnante du concours de poésie et les photos de la journée carnaval.

Le comité du journal

Référence : 2026-146-1893",bounce-317045@dessources.qc.ca,,ham
info66@ecoaction.qc.ca,EcoAction,Infolettre de l'environnement,"L'infolettre de l'environnement : le grand ménage de printemps du parc est samedi. Des gants seront fournis.

EcoAction

Référence : 2026-288-1841",bounce-671853@ecoaction.qc.ca,,ham
club20@echecs-ecole.qc.ca,Le club d'échecs,Tournoi interne dimanche,"Le club d'échecs publie son infolettre : tournoi interne dimanche à 13 h, niveau débutant bienvenu.

Le club d'échecs

Référence : 2026-221-7818",bounce-212741@echecs-ecole.qc.ca,,ham
coop82@dessources.qc.ca,La coop scolaire,Fruits et légumes de la semaine,"La coop scolaire a reçu ses fruits et légumes de la semaine : pommes, bananes et carottes. Passez nous voir !

La coop

Référence : 2026-161-2625",bounce-500289@dessources.qc.ca,,ham
info49@infolettre-cuisine.com,Infolettre Cuisine,Infolettre - 5 recettes de saison,"Voici notre infolettre de la semaine : 5 recettes de saison avec des légumes du Québec. Pour vous désabonner, utilisez le lien en bas de page.

L'équipe Cuisine du coin

Référence : 2026-695-7046",bounce-705494@infolettre-cuisine.com,,ham
info42@bibliotheque-municipale.qc.ca,La bibliothèque,Nouveautés de la bibliothèque,"Nouveautés : 12 nouvelles bandes dessinées et 8 romans jeunesse sont arrivés. Bonne lecture !

La bibliothèque

Référence : 2026-223-4155",bounce-566939@bibliotheque-municipale.qc.ca,,ham
info86@sports-quartier.qc.ca,Le comité des sports,Bulletin des sports du quartier,"Le bulletin des sports du quartier : inscriptions au camp de soccer, match de hockey samedi et résultats de la ligue.

Le comité des sports

Référence : 2026-202-4180",bounce-358446@sports-quartier.qc.ca,,ham
journal80@dessources.qc.ca,Le journal de l'école,Le journal de l'école est arrivé,"Le journal de l'école vous salue ! Ce mois-ci : l'entrevue avec la gagnante du concours de poésie et les photos de la journée carnaval.

Le comité du journal

Référence : 2026-814-3068",bounce-817947@dessources.qc.ca,,ham
info42@ecoaction.qc.ca,EcoAction,Infolettre de l'environnement,"L'infolettre de l'environnement : le grand ménage de printemps du parc est samedi. Des gants seront fournis.

EcoAction

Référence : 2026-216-2070",bounce-990071@ecoaction.qc.ca,,ham
club87@echecs-ecole.qc.ca,Le club d'échecs,Tournoi interne dimanche,"Le club d'échecs publie son infolettre : tournoi interne dimanche à 13 h, niveau débutant bienvenu.

Le club d'échecs

Référence : 2026-909-4697",bounce-595686@echecs-ecole.qc.ca,,ham
coop36@dessources.qc.ca,La coop scolaire,Fruits et légumes de la semaine,"La coop scolaire a reçu ses fruits et légumes de la semaine : pommes, bananes et carottes. Passez nous voir !

La coop

Référence : 2026-316-5335",bounce-966690@dessources.qc.ca,,ham
info70@infolettre-cuisine.com,Infolettre Cuisine,Infolettre - 5 recettes de saison,"Voici notre infolettre de la semaine : 5 recettes de saison avec des légumes du Québec. Pour vous désabonner, utilisez le lien en bas de page.

L'équipe Cuisine du coin

Référence : 2026-643-6632",bounce-112880@infolettre-cuisine.com,,ham
info50@bibliotheque-municipale.qc.ca,La bibliothèque,Nouveautés de la bibliothèque,"Nouveautés : 12 nouvelles bandes dessinées et 8 romans jeunesse sont arrivés. Bonne lecture !

La bibliothèque

Référence : 2026-860-9779",bounce-590525@bibliotheque-municipale.qc.ca,,ham
info47@sports-quartier.qc.ca,Le comité des sports,Bulletin des sports du quartier,"Le bulletin des sports du quartier : inscriptions au camp de soccer, match de hockey samedi et résultats de la ligue.

Le comité des sports

Référence : 2026-469-3939",bounce-269739@sports-quartier.qc.ca,,ham
journal91@dessources.qc.ca,Le journal de l'école,Le journal de l'école est arrivé,"Le journal de l'école vous salue ! Ce mois-ci : l'entrevue avec la gagnante du concours de poésie et les photos de la journée carnaval.

Le comité du journal

Référence : 2026-205-1200",bounce-320072@dessources.qc.ca,,ham
info61@ecoaction.qc.ca,EcoAction,Infolettre de l'environnement,"L'infolettre de l'environnement : le grand ménage de printemps du parc est samedi. Des gants seront fournis.

EcoAction

Référence : 2026-175-1878",bounce-533372@ecoaction.qc.ca,,ham
club76@echecs-ecole.qc.ca,Le club d'échecs,Tournoi interne dimanche,"Le club d'échecs publie son infolettre : tournoi interne dimanche à 13 h, niveau débutant bienvenu.

Le club d'échecs

Référence : 2026-561-8253",bounce-289158@echecs-ecole.qc.ca,,ham
coop94@dessources.qc.ca,La coop scolaire,Fruits et légumes de la semaine,"La coop scolaire a reçu ses fruits et légumes de la semaine : pommes, bananes et carottes. Passez nous voir !

La coop

Référence : 2026-260-4929",bounce-275320@dessources.qc.ca,,ham
info64@infolettre-cuisine.com,Infolettre Cuisine,Infolettre - 5 recettes de saison,"Voici notre infolettre de la semaine : 5 recettes de saison avec des légumes du Québec. Pour vous désabonner, utilisez le lien en bas de page.

L'équipe Cuisine du coin

Référence : 2026-438-6764",bounce-354680@infolettre-cuisine.com,,ham
info98@bibliotheque-municipale.qc.ca,La bibliothèque,Nouveautés de la bibliothèque,"Nouveautés : 12 nouvelles bandes dessinées et 8 romans jeunesse sont arrivés. Bonne lecture !

La bibliothèque

Référence : 2026-296-4545",bounce-546233@bibliotheque-municipale.qc.ca,,ham
info48@sports-quartier.qc.ca,Le comité des sports,Bulletin des sports du quartier,"Le bulletin des sports du quartier : inscriptions au camp de soccer, match de hockey samedi et résultats de la ligue.

Le comité des sports

Référence : 2026-825-9751",bounce-561611@sports-quartier.qc.ca,,ham
journal83@dessources.qc.ca,Le journal de l'école,Le journal de l'école est arrivé,"Le journal de l'école vous salue ! Ce mois-ci : l'entrevue avec la gagnante du concours de poésie et les photos de la journée carnaval.

Le comité du journal

Référence : 2026-580-8843",bounce-445046@dessources.qc.ca,,ham
info29@ecoaction.qc.ca,EcoAction,Infolettre de l'environnement,"L'infolettre de l'environnement : le grand ménage de printemps du parc est samedi. Des gants seront fournis.

EcoAction

Référence : 2026-930-5978",bounce-661729@ecoaction.qc.ca,,ham
club48@echecs-ecole.qc.ca,Le club d'échecs,Tournoi interne dimanche,"Le club d'échecs publie son infolettre : tournoi interne dimanche à 13 h, niveau débutant bienvenu.

Le club d'échecs

Référence : 2026-539-6003",bounce-433585@echecs-ecole.qc.ca,,ham
coop32@dessources.qc.ca,La coop scolaire,Fruits et légumes de la semaine,"La coop scolaire a reçu ses fruits et légumes de la semaine : pommes, bananes et carottes. Passez nous voir !

La coop

Référence : 2026-176-3564",bounce-532580@dessources.qc.ca,,ham
info@librairie-du-quartier.ca,Librairie du quartier,Confirmation de votre commande,"Bonjour, merci pour votre commande ! Elle sera livrée le 5 mars entre 9 h et 17 h. Bonne lecture !

Librairie du quartier",bounce-9280@librairie-du-quartier.ca,,ham
boutique@dessources.qc.ca,La boutique étudiante,Reçu de votre achat,"Voici le reçu de votre achat à la boutique du cours d'entrepreneuriat : 2 marque-pages et 1 chandail. Merci de votre soutien !

La boutique étudiante",bounce-9004@dessources.qc.ca,,ham
inscription@camp-hirondelles.ca,Le camp des Hirondelles,Votre inscription est confirmée,"Votre inscription au camp de jour est confirmée pour la semaine du 6 juillet. Le paiement de 120 $ est reçu.

Le camp des Hirondelles",bounce-5114@camp-hirondelles.ca,,ham
journal@dessources.qc.ca,Le journal étudiant,Abonnement renouvelé,"Votre abonnement au journal étudiant est renouvelé jusqu'en juin. Le premier numéro arrive vendredi.

Le journal étudiant",bounce-1832@dessources.qc.ca,,ham
secretaire@dessources.qc.ca,Le secrétariat,Réservation de local confirmée,"Réservation confirmée : le local A-215 est réservé pour votre présentation de mercredi à 13 h.

Le secrétariat",bounce-2512@dessources.qc.ca,,ham
info10@librairie-du-quartier.ca,Librairie du quartier,Confirmation de votre commande,"Bonjour, merci pour votre commande ! Elle sera livrée le 5 mars entre 9 h et 17 h. Bonne lecture !

Librairie du quartier

Référence : 2026-561-8699",bounce-793962@librairie-du-quartier.ca,,ham
boutique90@dessources.qc.ca,La boutique étudiante,Reçu de votre achat,"Voici le reçu de votre achat à la boutique du cours d'entrepreneuriat : 2 marque-pages et 1 chandail. Merci de votre soutien !

La boutique étudiante

Référence : 2026-777-4241",bounce-553385@dessources.qc.ca,,ham
inscription86@camp-hirondelles.ca,Le camp des Hirondelles,Votre inscription est confirmée,"Votre inscription au camp de jour est confirmée pour la semaine du 6 juillet. Le paiement de 120 $ est reçu.

Le camp des Hirondelles

Référence : 2026-395-8195",bounce-172282@camp-hirondelles.ca,,ham
journal86@dessources.qc.ca,Le journal étudiant,Abonnement renouvelé,"Votre abonnement au journal étudiant est renouvelé jusqu'en juin. Le premier numéro arrive vendredi.

Le journal étudiant

Référence : 2026-542-6280",bounce-105815@dessources.qc.ca,,ham
secretaire32@dessources.qc.ca,Le secrétariat,Réservation de local confirmée,"Réservation confirmée : le local A-215 est réservé pour votre présentation de mercredi à 13 h.

Le secrétariat

Référence : 2026-631-8245",bounce-646470@dessources.qc.ca,,ham
info47@librairie-du-quartier.ca,Librairie du quartier,Confirmation de votre commande,"Bonjour, merci pour votre commande ! Elle sera livrée le 5 mars entre 9 h et 17 h. Bonne lecture !

Librairie du quartier

Référence : 2026-337-5720",bounce-314314@librairie-du-quartier.ca,,ham
boutique64@dessources.qc.ca,La boutique étudiante,Reçu de votre achat,"Voici le reçu de votre achat à la boutique du cours d'entrepreneuriat : 2 marque-pages et 1 chandail. Merci de votre soutien !

La boutique étudiante

Référence : 2026-657-4683",bounce-529124@dessources.qc.ca,,ham
inscription25@camp-hirondelles.ca,Le camp des Hirondelles,Votre inscription est confirmée,"Votre inscription au camp de jour est confirmée pour la semaine du 6 juillet. Le paiement de 120 $ est reçu.

Le camp des Hirondelles

Référence : 2026-805-5982",bounce-364769@camp-hirondelles.ca,,ham
journal87@dessources.qc.ca,Le journal étudiant,Abonnement renouvelé,"Votre abonnement au journal étudiant est renouvelé jusqu'en juin. Le premier numéro arrive vendredi.

Le journal étudiant

Référence : 2026-126-2496",bounce-823942@dessources.qc.ca,,ham
secretaire45@dessources.qc.ca,Le secrétariat,Réservation de local confirmée,"Réservation confirmée : le local A-215 est réservé pour votre présentation de mercredi à 13 h.

Le secrétariat

Référence : 2026-699-8141",bounce-800733@dessources.qc.ca,,ham
info46@librairie-du-quartier.ca,Librairie du quartier,Confirmation de votre commande,"Bonjour, merci pour votre commande ! Elle sera livrée le 5 mars entre 9 h et 17 h. Bonne lecture !

Librairie du quartier

Référence : 2026-980-8438",bounce-115899@librairie-du-quartier.ca,,ham
boutique92@dessources.qc.ca,La boutique étudiante,Reçu de votre achat,"Voici le reçu de votre achat à la boutique du cours d'entrepreneuriat : 2 marque-pages et 1 chandail. Merci de votre soutien !

La boutique étudiante

Référence : 2026-372-3330",bounce-283229@dessources.qc.ca,,ham
inscription99@camp-hirondelles.ca,Le camp des Hirondelles,Votre inscription est confirmée,"Votre inscription au camp de jour est confirmée pour la semaine du 6 juillet. Le paiement de 120 $ est reçu.

Le camp des Hirondelles

Référence : 2026-378-9199",bounce-223261@camp-hirondelles.ca,,ham
journal39@dessources.qc.ca,Le journal étudiant,Abonnement renouvelé,"Votre abonnement au journal étudiant est renouvelé jusqu'en juin. Le premier numéro arrive vendredi.

Le journal étudiant

Référence : 2026-956-1339",bounce-344296@dessources.qc.ca,,ham
secretaire91@dessources.qc.ca,Le secrétariat,Réservation de local confirmée,"Réservation confirmée : le local A-215 est réservé pour votre présentation de mercredi à 13 h.

Le secrétariat

Référence : 2026-193-8700",bounce-993872@dessources.qc.ca,,ham
info19@librairie-du-quartier.ca,Librairie du quartier,Confirmation de votre commande,"Bonjour, merci pour votre commande ! Elle sera livrée le 5 mars entre 9 h et 17 h. Bonne lecture !

Librairie du quartier

Référence : 2026-339-5334",bounce-159097@librairie-du-quartier.ca,,ham
boutique19@dessources.qc.ca,La boutique étudiante,Reçu de votre achat,"Voici le reçu de votre achat à la boutique du cours d'entrepreneuriat : 2 marque-pages et 1 chandail. Merci de votre soutien !

La boutique étudiante

Référence : 2026-269-6039",bounce-704917@dessources.qc.ca,,ham
inscription79@camp-hirondelles.ca,Le camp des Hirondelles,Votre inscription est confirmée,"Votre inscription au camp de jour est confirmée pour la semaine du 6 juillet. Le paiement de 120 $ est reçu.

Le camp des Hirondelles

Référence : 2026-548-2317",bounce-342673@camp-hirondelles.ca,,ham
journal96@dessources.qc.ca,Le journal étudiant,Abonnement renouvelé,"Votre abonnement au journal étudiant est renouvelé jusqu'en juin. Le premier numéro arrive vendredi.

Le journal étudiant

Référence : 2026-690-1659",bounce-804144@dessources.qc.ca,,ham
secretaire54@dessources.qc.ca,Le secrétariat,Réservation de local confirmée,"Réservation confirmée : le local A-215 est réservé pour votre présentation de mercredi à 13 h.

Le secrétariat

Référence : 2026-441-6260",bounce-308862@dessources.qc.ca,,ham
info@infolettre-cuisine.com,Infolettre Cuisine,Votre renouvellement,"Bonjour, profitez de 20 % de rabais sur votre renouvellement d'abonnement à notre infolettre de recettes — vous êtes membre depuis 2019 ! Merci de votre fidélité.

Cuisine du coin",,,ham
coop@dessources.qc.ca,La coop scolaire,Rapport trimestriel,"Rapport trimestriel de la coop scolaire : croissance de 12 % des ventes de pommes et de grignotines. Merci aux bénévoles !

La coop",,,ham
secretaire@dessources.qc.ca,Le secrétariat,ATTENTION : changement de local,"ATTENTION : changement de local pour le cours d'anglais de jeudi. Le nouveau local est le B-302.

Le secrétariat",,,ham
mme.fortin@dessources.qc.ca,Mme Fortin,URGENT : RE: TP3,"URGENT : RE: TP3 — la date limite de remise est reportée au 14 mars. Merci !

Mme Fortin",,,ham
m.roy@dessources.qc.ca,M. Roy,Victoire au volleyball !,"Félicitations à l'équipe gagnante du tournoi de volleyball !!! Trois belles victoires en finale. On est fiers de vous !

M. Roy",,,ham
comite@dessources.qc.ca,Le comité étudiant,Concours de poésie,"Bonjour, le concours de poésie de l'école offre la chance de gagner des livres. La remise des prix aura lieu au gala de fin d'année.

Le comité étudiant",,,ham
m.caron@dessources.qc.ca,M. Caron,Liens pour vos travaux,"Voici les liens pour vos travaux : https://www.apple.com/ca/fr/support pour le tutoriel, https://outlook.live.com/mail/ pour votre boîte et https://www.postescanada.ca/suivi pour suivre votre envoi. Bonne chance !

M. Caron",,,ham
bibliotheque@dessources.qc.ca,La bibliothèque,Entrée gratuite au musée,"GRATUIT pour les membres : l'entrée au musée des sciences est offerte avec votre carte de la bibliothèque cette fin de semaine.

La bibliothèque",,,ham
info95@infolettre-cuisine.com,Infolettre Cuisine,Votre renouvellement,"Bonjour, profitez de 20 % de rabais sur votre renouvellement d'abonnement à notre infolettre de recettes — vous êtes membre depuis 2019 ! Merci de votre fidélité.

Cuisine du coin

Référence : 2026-207-3634",,,ham
coop21@dessources.qc.ca,La coop scolaire,Rapport trimestriel,"Rapport trimestriel de la coop scolaire : croissance de 12 % des ventes de pommes et de grignotines. Merci aux bénévoles !

La coop

Référence : 2026-422-5135",,,ham
secretaire69@dessources.qc.ca,Le secrétariat,ATTENTION : changement de local,"ATTENTION : changement de local pour le cours d'anglais de jeudi. Le nouveau local est le B-302.

Le secrétariat

Référence : 2026-523-1888",,,ham
mme.fortin36@dessources.qc.ca,Mme Fortin,URGENT : RE: TP3,"URGENT : RE: TP3 — la date limite de remise est reportée au 14 mars. Merci !

Mme Fortin

Référence : 2026-373-9998",,,ham
m.roy30@dessources.qc.ca,M. Roy,Victoire au volleyball !,"Félicitations à l'équipe gagnante du tournoi de volleyball !!! Trois belles victoires en finale. On est fiers de vous !

M. Roy

Référence : 2026-418-1224",,,ham
comite73@dessources.qc.ca,Le comité étudiant,Concours de poésie,"Bonjour, le concours de poésie de l'école offre la chance de gagner des livres. La remise des prix aura lieu au gala de fin d'année.

Le comité étudiant

Référence : 2026-833-5781",,,ham
m.caron80@dessources.qc.ca,M. Caron,Liens pour vos travaux,"Voici les liens pour vos travaux : https://www.apple.com/ca/fr/support pour le tutoriel, https://outlook.live.com/mail/ pour votre boîte et https://www.postescanada.ca/suivi pour suivre votre envoi. Bonne chance !

M. Caron

Référence : 2026-248-7284",,,ham
bibliotheque53@dessources.qc.ca,La bibliothèque,Entrée gratuite au musée,"GRATUIT pour les membres : l'entrée au musée des sciences est offerte avec votre carte de la bibliothèque cette fin de semaine.

La bibliothèque

Référence : 2026-906-9318",,,ham
info52@infolettre-cuisine.com,Infolettre Cuisine,Votre renouvellement,"Bonjour, profitez de 20 % de rabais sur votre renouvellement d'abonnement à notre infolettre de recettes — vous êtes membre depuis 2019 ! Merci de votre fidélité.

Cuisine du coin

Référence : 2026-521-9117",,,ham
coop51@dessources.qc.ca,La coop scolaire,Rapport trimestriel,"Rapport trimestriel de la coop scolaire : croissance de 12 % des ventes de pommes et de grignotines. Merci aux bénévoles !

La coop

Référence : 2026-218-7622",,,ham
secretaire34@dessources.qc.ca,Le secrétariat,ATTENTION : changement de local,"ATTENTION : changement de local pour le cours d'anglais de jeudi. Le nouveau local est le B-302.

Le secrétariat

Référence : 2026-630-6927",,,ham
mme.fortin26@dessources.qc.ca,Mme Fortin,URGENT : RE: TP3,"URGENT : RE: TP3 — la date limite de remise est reportée au 14 mars. Merci !

Mme Fortin

Référence : 2026-394-8178",,,ham
m.roy80@dessources.qc.ca,M. Roy,Victoire au volleyball !,"Félicitations à l'équipe gagnante du tournoi de volleyball !!! Trois belles victoires en finale. On est fiers de vous !

M. Roy

Référence : 2026-517-2527",,,ham
comite75@dessources.qc.ca,Le comité étudiant,Concours de poésie,"Bonjour, le concours de poésie de l'école offre la chance de gagner des livres. La remise des prix aura lieu au gala de fin d'année.

Le comité étudiant

Référence : 2026-822-5479",,,ham
m.caron34@dessources.qc.ca,M. Caron,Liens pour vos travaux,"Voici les liens pour vos travaux : https://www.apple.com/ca/fr/support pour le tutoriel, https://outlook.live.com/mail/ pour votre boîte et https://www.postescanada.ca/suivi pour suivre votre envoi. Bonne chance !

M. Caron

Référence : 2026-713-9327",,,ham
bibliotheque44@dessources.qc.ca,La bibliothèque,Entrée gratuite au musée,"GRATUIT pour les membres : l'entrée au musée des sciences est offerte avec votre carte de la bibliothèque cette fin de semaine.

La bibliothèque

Référence : 2026-940-1042",,,ham
info46@infolettre-cuisine.com,Infolettre Cuisine,Votre renouvellement,"Bonjour, profitez de 20 % de rabais sur votre renouvellement d'abonnement à notre infolettre de recettes — vous êtes membre depuis 2019 ! Merci de votre fidélité.

Cuisine du coin

Référence : 2026-778-7561",,,ham
coop75@dessources.qc.ca,La coop scolaire,Rapport trimestriel,"Rapport trimestriel de la coop scolaire : croissance de 12 % des ventes de pommes et de grignotines. Merci aux bénévoles !

La coop

Référence : 2026-944-1018",,,ham
secretaire89@dessources.qc.ca,Le secrétariat,ATTENTION : changement de local,"ATTENTION : changement de local pour le cours d'anglais de jeudi. Le nouveau local est le B-302.

Le secrétariat

Référence : 2026-874-9167",,,ham
mme.fortin99@dessources.qc.ca,Mme Fortin,URGENT : RE: TP3,"URGENT : RE: TP3 — la date limite de remise est reportée au 14 mars. Merci !

Mme Fortin

Référence : 2026-596-2989",,,ham
m.roy38@dessources.qc.ca,M. Roy,Victoire au volleyball !,"Félicitations à l'équipe gagnante du tournoi de volleyball !!! Trois belles victoires en finale. On est fiers de vous !

M. Roy

Référence : 2026-961-2858",,,ham
comite63@dessources.qc.ca,Le comité étudiant,Concours de poésie,"Bonjour, le concours de poésie de l'école offre la chance de gagner des livres. La remise des prix aura lieu au gala de fin d'année.

Le comité étudiant

Référence : 2026-954-8905",,,ham
m.caron27@dessources.qc.ca,M. Caron,Liens pour vos travaux,"Voici les liens pour vos travaux : https://www.apple.com/ca/fr/support pour le tutoriel, https://outlook.live.com/mail/ pour votre boîte et https://www.postescanada.ca/suivi pour suivre votre envoi. Bonne chance !

M. Caron

Référence : 2026-984-2143",,,ham
bibliotheque46@dessources.qc.ca,La bibliothèque,Entrée gratuite au musée,"GRATUIT pour les membres : l'entrée au musée des sciences est offerte avec votre carte de la bibliothèque cette fin de semaine.

La bibliothèque

Référence : 2026-843-5891",,,ham
info80@infolettre-cuisine.com,Infolettre Cuisine,Votre renouvellement,"Bonjour, profitez de 20 % de rabais sur votre renouvellement d'abonnement à notre infolettre de recettes — vous êtes membre depuis 2019 ! Merci de votre fidélité.

Cuisine du coin

Référence : 2026-137-8451",,,ham
coop94@dessources.qc.ca,La coop scolaire,Rapport trimestriel,"Rapport trimestriel de la coop scolaire : croissance de 12 % des ventes de pommes et de grignotines. Merci aux bénévoles !

La coop

Référence : 2026-990-9889",,,ham
secretaire90@dessources.qc.ca,Le secrétariat,ATTENTION : changement de local,"ATTENTION : changement de local pour le cours d'anglais de jeudi. Le nouveau local est le B-302.

Le secrétariat

Référence : 2026-552-1845",,,ham
mme.fortin13@dessources.qc.ca,Mme Fortin,URGENT : RE: TP3,"URGENT : RE: TP3 — la date limite de remise est reportée au 14 mars. Merci !

Mme Fortin

Référence : 2026-745-4920",,,ham
m.roy69@dessources.qc.ca,M. Roy,Victoire au volleyball !,"Félicitations à l'équipe gagnante du tournoi de volleyball !!! Trois belles victoires en finale. On est fiers de vous !

M. Roy

Référence : 2026-220-3522",,,ham
comite70@dessources.qc.ca,Le comité étudiant,Concours de poésie,"Bonjour, le concours de poésie de l'école offre la chance de gagner des livres. La remise des prix aura lieu au gala de fin d'année.

Le comité étudiant

Référence : 2026-349-8483",,,ham
m.caron45@dessources.qc.ca,M. Caron,Liens pour vos travaux,"Voici les liens pour vos travaux : https://www.apple.com/ca/fr/support pour le tutoriel, https://outlook.live.com/mail/ pour votre boîte et https://www.postescanada.ca/suivi pour suivre votre envoi. Bonne chance !

M. Caron

Référence : 2026-891-7798",,,ham
bibliotheque85@dessources.qc.ca,La bibliothèque,Entrée gratuite au musée,"GRATUIT pour les membres : l'entrée au musée des sciences est offerte avec votre carte de la bibliothèque cette fin de semaine.

La bibliothèque

Référence : 2026-693-9022",,,ham
secretaire@dessources.qc.ca,Le secrétariat,ATTENTION,"ATTENTION : changement de local pour vendredi. Voir la liste au tableau.

Le secrétariat",,,ham
mme.fortin@dessources.qc.ca,Mme Fortin,URGENT : RE: TP3,"URGENT : RE: TP3 — reporté au 14 mars.

Mme Fortin",,,ham
m.roy@dessources.qc.ca,M. Roy,RAPPEL,"RAPPEL : pratique de soccer annulée ce soir.

M. Roy",,,ham
secretaire@dessources.qc.ca,La cafétéria,INFO,"INFO : la cafétéria ferme à 13 h vendredi.

La cafétéria",,,ham
direction@dessources.qc.ca,La direction,CHANGEMENT,"CHANGEMENT : l'examen est déplacé à lundi.

La direction",,,ham
secretaire29@dessources.qc.ca,Le secrétariat,ATTENTION,"ATTENTION : changement de local pour vendredi. Voir la liste au tableau.

Le secrétariat

Référence : 2026-557-9824",,,ham
mme.fortin71@dessources.qc.ca,Mme Fortin,URGENT : RE: TP3,"URGENT : RE: TP3 — reporté au 14 mars.

Mme Fortin

Référence : 2026-453-6446",,,ham
m.roy80@dessources.qc.ca,M. Roy,RAPPEL,"RAPPEL : pratique de soccer annulée ce soir.

M. Roy

Référence : 2026-881-9903",,,ham
secretaire58@dessources.qc.ca,La cafétéria,INFO,"INFO : la cafétéria ferme à 13 h vendredi.

La cafétéria

Référence : 2026-566-6272",,,ham
direction34@dessources.qc.ca,La direction,CHANGEMENT,"CHANGEMENT : l'examen est déplacé à lundi.

La direction

Référence : 2026-814-4912",,,ham
noreply@desjardins.com,AccèsD Desjardins,Accès à vos relevés,"Bonjour, pour consulter vos relevés, connectez-vous sur https://accesd.desjardins.com/identification. Merci !

Desjardins",,,ham
info@netflix.com,Netflix,Catalogue de la semaine,"Bonjour, votre sélection de la semaine vous attend sur https://www.netflix.com/browse. Bonne écoute !

Netflix",,,ham
support@apple.com,Apple,Aide et support,"Bonjour, notre page d'aide est disponible au https://www.apple.com/ca/fr/support. N'hésitez pas à la consulter.

Apple",,,ham
suivi@postescanada.ca,Postes Canada,Suivi de votre envoi,"Bonjour, vous pouvez suivre votre envoi au https://www.postescanada.ca/suivi. Le colis avance bien.

Postes Canada",,,ham
noreply@steampowered.com,Steam,Nouveautés de la semaine,"Bonjour, les nouveautés sont dans votre bibliothèque : https://steamcommunity.com/market. Bonne découverte !

Steam",,,ham
comptes@amazon.ca,Amazon.ca,Vos commandes,"Bonjour, retrouvez l'historique de vos commandes au https://www.amazon.ca/gp/orders. Merci !

Amazon.ca",,,ham
info@revenuquebec.ca,Revenu Québec,Services en ligne,"Bonjour, les services en ligne sont accessibles au https://www.revenuquebec.ca/citoyens. Bonne journée !

Revenu Québec",,,ham
noreply@microsoftonline.com,Microsoft 365,Votre boîte de courriel,"Bonjour, accédez à votre boîte au https://outlook.live.com/mail/ pour lire vos messages.

Microsoft 365",,,ham
noreply83@desjardins.com,AccèsD Desjardins,Accès à vos relevés,"Bonjour, pour consulter vos relevés, connectez-vous sur https://accesd.desjardins.com/identification. Merci !

Desjardins

Référence : 2026-492-4826",,,ham
info73@netflix.com,Netflix,Catalogue de la semaine,"Bonjour, votre sélection de la semaine vous attend sur https://www.netflix.com/browse. Bonne écoute !

Netflix

Référence : 2026-137-3068",,,ham
support11@apple.com,Apple,Aide et support,"Bonjour, notre page d'aide est disponible au https://www.apple.com/ca/fr/support. N'hésitez pas à la consulter.

Apple

Référence : 2026-839-3361",,,ham
suivi93@postescanada.ca,Postes Canada,Suivi de votre envoi,"Bonjour, vous pouvez suivre votre envoi au https://www.postescanada.ca/suivi. Le colis avance bien.

Postes Canada

Référence : 2026-182-6383",,,ham
noreply40@steampowered.com,Steam,Nouveautés de la semaine,"Bonjour, les nouveautés sont dans votre bibliothèque : https://steamcommunity.com/market. Bonne découverte !

Steam

Référence : 2026-746-5708",,,ham
comptes13@amazon.ca,Amazon.ca,Vos commandes,"Bonjour, retrouvez l'historique de vos commandes au https://www.amazon.ca/gp/orders. Merci !

Amazon.ca

Référence : 2026-147-6314",,,ham
info82@revenuquebec.ca,Revenu Québec,Services en ligne,"Bonjour, les services en ligne sont accessibles au https://www.revenuquebec.ca/citoyens. Bonne journée !

Revenu Québec

Référence : 2026-798-3950",,,ham
noreply73@microsoftonline.com,Microsoft 365,Votre boîte de courriel,"Bonjour, accédez à votre boîte au https://outlook.live.com/mail/ pour lire vos messages.

Microsoft 365

Référence : 2026-697-3344",,,ham
noreply62@desjardins.com,AccèsD Desjardins,Accès à vos relevés,"Bonjour, pour consulter vos relevés, connectez-vous sur https://accesd.desjardins.com/identification. Merci !

Desjardins

Référence : 2026-144-6213",,,ham
info74@netflix.com,Netflix,Catalogue de la semaine,"Bonjour, votre sélection de la semaine vous attend sur https://www.netflix.com/browse. Bonne écoute !

Netflix

Référence : 2026-704-6439",,,ham
support62@apple.com,Apple,Aide et support,"Bonjour, notre page d'aide est disponible au https://www.apple.com/ca/fr/support. N'hésitez pas à la consulter.

Apple

Référence : 2026-991-3529",,,ham
suivi96@postescanada.ca,Postes Canada,Suivi de votre envoi,"Bonjour, vous pouvez suivre votre envoi au https://www.postescanada.ca/suivi. Le colis avance bien.

Postes Canada

Référence : 2026-979-9742",,,ham
noreply39@steampowered.com,Steam,Nouveautés de la semaine,"Bonjour, les nouveautés sont dans votre bibliothèque : https://steamcommunity.com/market. Bonne découverte !

Steam

Référence : 2026-864-2480",,,ham
comptes17@amazon.ca,Amazon.ca,Vos commandes,"Bonjour, retrouvez l'historique de vos commandes au https://www.amazon.ca/gp/orders. Merci !

Amazon.ca

Référence : 2026-400-6873",,,ham
info31@revenuquebec.ca,Revenu Québec,Services en ligne,"Bonjour, les services en ligne sont accessibles au https://www.revenuquebec.ca/citoyens. Bonne journée !

Revenu Québec

Référence : 2026-279-2293",,,ham
noreply39@microsoftonline.com,Microsoft 365,Votre boîte de courriel,"Bonjour, accédez à votre boîte au https://outlook.live.com/mail/ pour lire vos messages.

Microsoft 365

Référence : 2026-572-5161",,,ham
noreply70@desjardins.com,AccèsD Desjardins,Accès à vos relevés,"Bonjour, pour consulter vos relevés, connectez-vous sur https://accesd.desjardins.com/identification. Merci !

Desjardins

Référence : 2026-822-7246",,,ham
info22@netflix.com,Netflix,Catalogue de la semaine,"Bonjour, votre sélection de la semaine vous attend sur https://www.netflix.com/browse. Bonne écoute !

Netflix

Référence : 2026-995-8213",,,ham
support19@apple.com,Apple,Aide et support,"Bonjour, notre page d'aide est disponible au https://www.apple.com/ca/fr/support. N'hésitez pas à la consulter.

Apple

Référence : 2026-580-5342",,,ham
suivi58@postescanada.ca,Postes Canada,Suivi de votre envoi,"Bonjour, vous pouvez suivre votre envoi au https://www.postescanada.ca/suivi. Le colis avance bien.

Postes Canada

Référence : 2026-424-8994",,,ham
noreply65@steampowered.com,Steam,Nouveautés de la semaine,"Bonjour, les nouveautés sont dans votre bibliothèque : https://steamcommunity.com/market. Bonne découverte !

Steam

Référence : 2026-200-2646",,,ham
comptes57@amazon.ca,Amazon.ca,Vos commandes,"Bonjour, retrouvez l'historique de vos commandes au https://www.amazon.ca/gp/orders. Merci !

Amazon.ca

Référence : 2026-541-3385",,,ham
info88@revenuquebec.ca,Revenu Québec,Services en ligne,"Bonjour, les services en ligne sont accessibles au https://www.revenuquebec.ca/citoyens. Bonne journée !

Revenu Québec

Référence : 2026-991-7267",,,ham
noreply68@microsoftonline.com,Microsoft 365,Votre boîte de courriel,"Bonjour, accédez à votre boîte au https://outlook.live.com/mail/ pour lire vos messages.

Microsoft 365

Référence : 2026-361-1153",,,ham
noreply59@desjardins.com,AccèsD Desjardins,Accès à vos relevés,"Bonjour, pour consulter vos relevés, connectez-vous sur https://accesd.desjardins.com/identification. Merci !

Desjardins

Référence : 2026-779-3492",,,ham
info22@netflix.com,Netflix,Catalogue de la semaine,"Bonjour, votre sélection de la semaine vous attend sur https://www.netflix.com/browse. Bonne écoute !

Netflix

Référence : 2026-638-8486",,,ham
support53@apple.com,Apple,Aide et support,"Bonjour, notre page d'aide est disponible au https://www.apple.com/ca/fr/support. N'hésitez pas à la consulter.

Apple

Référence : 2026-738-7512",,,ham
suivi79@postescanada.ca,Postes Canada,Suivi de votre envoi,"Bonjour, vous pouvez suivre votre envoi au https://www.postescanada.ca/suivi. Le colis avance bien.

Postes Canada

Référence : 2026-136-2121",,,ham
noreply66@steampowered.com,Steam,Nouveautés de la semaine,"Bonjour, les nouveautés sont dans votre bibliothèque : https://steamcommunity.com/market. Bonne découverte !

Steam

Référence : 2026-270-5906",,,ham
comptes41@amazon.ca,Amazon.ca,Vos commandes,"Bonjour, retrouvez l'historique de vos commandes au https://www.amazon.ca/gp/orders. Merci !

Amazon.ca

Référence : 2026-643-7751",,,ham
info89@revenuquebec.ca,Revenu Québec,Services en ligne,"Bonjour, les services en ligne sont accessibles au https://www.revenuquebec.ca/citoyens. Bonne journée !

Revenu Québec

Référence : 2026-799-4945",,,ham
noreply69@microsoftonline.com,Microsoft 365,Votre boîte de courriel,"Bonjour, accédez à votre boîte au https://outlook.live.com/mail/ pour lire vos messages.

Microsoft 365

Référence : 2026-394-9955",,,ham
promo@concours-gratuit.top,Concours Gratuit,FÉLICITATIONS !!! VOUS AVEZ GAGNÉ UN IPHONE GRATUIT !,"FÉLICITATIONS !!! VOUS AVEZ GAGNÉ UN IPHONE GRATUIT ! Pour réclamer votre prix, cliquez sur le lien ci-dessous dans les 24 heures.

http://concours-gratuit.top/iphone

Ce concours est réservé aux participants chanceux.",,,spam
tirage@offres-express.info,Tirage Express,Gagnez une carte cadeau de 100 $ chez Amazon !,"Gagnez une carte cadeau de 100 $ chez Amazon ! Participez à notre tirage en répondant à ce courriel avant minuit.

http://bit.ly/3xK9pQ",,,spam
voyages@voyages-etoiles.top,Voyages Étoiles,VOUS AVEZ ÉTÉ SÉLECTIONNÉ POUR UN VOYAGE GRATUIT AUX CARAÏBES !,"VOUS AVEZ ÉTÉ SÉLECTIONNÉ POUR UN VOYAGE GRATUIT AUX CARAÏBES ! Répondez à ce courriel pour réclamer votre prix.

L'équipe Voyages Étoiles",,,spam
promo@tirage-magique.info,Tirage Magique,Concours : gagnez un abonnement Netflix pour un an !,"Concours : gagnez un abonnement Netflix pour un an ! C'est gratuit et facile. Cliquez ici pour participer.

http://tirage-magique.info",,,spam
concours@console-chance.xyz,Console Chance,Participez au tirage d'une console de jeux !,"Participez au tirage d'une console de jeux ! Un gagnant par semaine. La participation est gratuite.

https://tinyurl.com/xk991",,,spam
cinema@cinema-plus.info,Cinéma Plus,GAGNEZ DES BILLETS DE CINÉMA !!!,"GAGNEZ DES BILLETS DE CINÉMA !!! Répondez en 24 heures pour avoir une chance de gagner un laissez-passer pour deux.

L'équipe Cinéma Plus",,,spam
offre@offre-express.top,Offre Express,Carte cadeau de 50 $ pour les 100 premiers participants !,"Offre spéciale : carte cadeau de 50 $ pour les 100 premiers participants ! Cliquez vite avant que ce soit trop tard.

http://offre-express.top",,,spam
webmaster@bonus-fantastique.tk,Bonus Fantastique,Vous êtes le 1 000 000e visiteur !,"Vous êtes le 1 000 000e visiteur de notre site ! Cliquez sur le lien pour réclamer votre prix gratuit.

http://bonus-fantastique.tk",,,spam
rentree@rentree-chance.xyz,Rentrée Chance,Tirage de rentrée : gagnez une tablette gratuite !,"Tirage de rentrée : gagnez une tablette gratuite ! Inscrivez-vous avant le 31 août.

http://rentree-chance.xyz",,,spam
sport@sport-chance.info,Sport Chance,Gagnez le chandail de votre équipe préférée !,"Gagnez le chandail de votre équipe préférée ! Concours gratuit pour tous les abonnés.

https://bit.ly/2w8YbZ",,,spam
promo30@concours-gratuit.top,Concours Gratuit,FÉLICITATIONS !!! VOUS AVEZ GAGNÉ UN IPHONE GRATUIT !,"FÉLICITATIONS !!! VOUS AVEZ GAGNÉ UN IPHONE GRATUIT ! Pour réclamer votre prix, cliquez sur le lien ci-dessous dans les 24 heures.

http://concours-gratuit.top/iphone

Ce concours est réservé aux participants chanceux.

Référence : 2026-175-8237",,,spam
tirage23@offres-express.info,Tirage Express,Gagnez une carte cadeau de 100 $ chez Amazon !,"Gagnez une carte cadeau de 100 $ chez Amazon ! Participez à notre tirage en répondant à ce courriel avant minuit.

http://bit.ly/3xK9pQ

Référence : 2026-342-7248",,,spam
voyages87@voyages-etoiles.top,Voyages Étoiles,VOUS AVEZ ÉTÉ SÉLECTIONNÉ POUR UN VOYAGE GRATUIT AUX CARAÏBES !,"VOUS AVEZ ÉTÉ SÉLECTIONNÉ POUR UN VOYAGE GRATUIT AUX CARAÏBES ! Répondez à ce courriel pour réclamer votre prix.

L'équipe Voyages Étoiles

Référence : 2026-863-9138",,,spam
promo90@tirage-magique.info,Tirage Magique,Concours : gagnez un abonnement Netflix pour un an !,"Concours : gagnez un abonnement Netflix pour un an ! C'est gratuit et facile. Cliquez ici pour participer.

http://tirage-magique.info

Référence : 2026-199-1645",,,spam
concours32@console-chance.xyz,Console Chance,Participez au tirage d'une console de jeux !,"Participez au tirage d'une console de jeux ! Un gagnant par semaine. La participation est gratuite.

https://tinyurl.com/xk991

Référence : 2026-305-3165",,,spam
cinema24@cinema-plus.info,Cinéma Plus,GAGNEZ DES BILLETS DE CINÉMA !!!,"GAGNEZ DES BILLETS DE CINÉMA !!! Répondez en 24 heures pour avoir une chance de gagner un laissez-passer pour deux.

L'équipe Cinéma Plus

Référence : 2026-579-2233",,,spam
offre78@offre-express.top,Offre Express,Carte cadeau de 50 $ pour les 100 premiers participants !,"Offre spéciale : carte cadeau de 50 $ pour les 100 premiers participants ! Cliquez vite avant que ce soit trop tard.

http://offre-express.top

Référence : 2026-226-8451",,,spam
webmaster88@bonus-fantastique.tk,Bonus Fantastique,Vous êtes le 1 000 000e visiteur !,"Vous êtes le 1 000 000e visiteur de notre site ! Cliquez sur le lien pour réclamer votre prix gratuit.

http://bonus-fantastique.tk

Référence : 2026-326-2035",,,spam
rentree24@rentree-chance.xyz,Rentrée Chance,Tirage de rentrée : gagnez une tablette gratuite !,"Tirage de rentrée : gagnez une tablette gratuite ! Inscrivez-vous avant le 31 août.

http://rentree-chance.xyz

Référence : 2026-199-4846",,,spam
sport72@sport-chance.info,Sport Chance,Gagnez le chandail de votre équipe préférée !,"Gagnez le chandail de votre équipe préférée ! Concours gratuit pour tous les abonnés.

https://bit.ly/2w8YbZ

Référence : 2026-730-7686",,,spam
promo54@concours-gratuit.top,Concours Gratuit,FÉLICITATIONS !!! VOUS AVEZ GAGNÉ UN IPHONE GRATUIT !,"FÉLICITATIONS !!! VOUS AVEZ GAGNÉ UN IPHONE GRATUIT ! Pour réclamer votre prix, cliquez sur le lien ci-dessous dans les 24 heures.

http://concours-gratuit.top/iphone

Ce concours est réservé aux participants chanceux.

Référence : 2026-701-5901",,,spam
tirage83@offres-express.info,Tirage Express,Gagnez une carte cadeau de 100 $ chez Amazon !,"Gagnez une carte cadeau de 100 $ chez Amazon ! Participez à notre tirage en répondant à ce courriel avant minuit.

http://bit.ly/3xK9pQ

Référence : 2026-467-5847",,,spam
voyages46@voyages-etoiles.top,Voyages Étoiles,VOUS AVEZ ÉTÉ SÉLECTIONNÉ POUR UN VOYAGE GRATUIT AUX CARAÏBES !,"VOUS AVEZ ÉTÉ SÉLECTIONNÉ POUR UN VOYAGE GRATUIT AUX CARAÏBES ! Répondez à ce courriel pour réclamer votre prix.

L'équipe Voyages Étoiles

Référence : 2026-894-4770",,,spam
promo49@tirage-magique.info,Tirage Magique,Concours : gagnez un abonnement Netflix pour un an !,"Concours : gagnez un abonnement Netflix pour un an ! C'est gratuit et facile. Cliquez ici pour participer.

http://tirage-magique.info

Référence : 2026-907-8222",,,spam
concours79@console-chance.xyz,Console Chance,Participez au tirage d'une console de jeux !,"Participez au tirage d'une console de jeux ! Un gagnant par semaine. La participation est gratuite.

https://tinyurl.com/xk991

Référence : 2026-997-6994",,,spam
cinema28@cinema-plus.info,Cinéma Plus,GAGNEZ DES BILLETS DE CINÉMA !!!,"GAGNEZ DES BILLETS DE CINÉMA !!! Répondez en 24 heures pour avoir une chance de gagner un laissez-passer pour deux.

L'équipe Cinéma Plus

Référence : 2026-872-4696",,,spam
offre57@offre-express.top,Offre Express,Carte cadeau de 50 $ pour les 100 premiers participants !,"Offre spéciale : carte cadeau de 50 $ pour les 100 premiers participants ! Cliquez vite avant que ce soit trop tard.

http://offre-express.top

Référence : 2026-788-5295",,,spam
webmaster91@bonus-fantastique.tk,Bonus Fantastique,Vous êtes le 1 000 000e visiteur !,"Vous êtes le 1 000 000e visiteur de notre site ! Cliquez sur le lien pour réclamer votre prix gratuit.

http://bonus-fantastique.tk

Référence : 2026-943-8606",,,spam
rentree78@rentree-chance.xyz,Rentrée Chance,Tirage de rentrée : gagnez une tablette gratuite !,"Tirage de rentrée : gagnez une tablette gratuite ! Inscrivez-vous avant le 31 août.

http://rentree-chance.xyz

Référence : 2026-238-7367",,,spam
sport45@sport-chance.info,Sport Chance,Gagnez le chandail de votre équipe préférée !,"Gagnez le chandail de votre équipe préférée ! Concours gratuit pour tous les abonnés.

https://bit.ly/2w8YbZ

Référence : 2026-133-7070",,,spam
promo91@concours-gratuit.top,Concours Gratuit,FÉLICITATIONS !!! VOUS AVEZ GAGNÉ UN IPHONE GRATUIT !,"FÉLICITATIONS !!! VOUS AVEZ GAGNÉ UN IPHONE GRATUIT ! Pour réclamer votre prix, cliquez sur le lien ci-dessous dans les 24 heures.

http://concours-gratuit.top/iphone

Ce concours est réservé aux participants chanceux.

Référence : 2026-534-5097",,,spam
tirage99@offres-express.info,Tirage Express,Gagnez une carte cadeau de 100 $ chez Amazon !,"Gagnez une carte cadeau de 100 $ chez Amazon ! Participez à notre tirage en répondant à ce courriel avant minuit.

http://bit.ly/3xK9pQ

Référence : 2026-402-1359",,,spam
voyages87@voyages-etoiles.top,Voyages Étoiles,VOUS AVEZ ÉTÉ SÉLECTIONNÉ POUR UN VOYAGE GRATUIT AUX CARAÏBES !,"VOUS AVEZ ÉTÉ SÉLECTIONNÉ POUR UN VOYAGE GRATUIT AUX CARAÏBES ! Répondez à ce courriel pour réclamer votre prix.

L'équipe Voyages Étoiles

Référence : 2026-921-6772",,,spam
promo14@tirage-magique.info,Tirage Magique,Concours : gagnez un abonnement Netflix pour un an !,"Concours : gagnez un abonnement Netflix pour un an ! C'est gratuit et facile. Cliquez ici pour participer.

http://tirage-magique.info

Référence : 2026-693-6977",,,spam
concours77@console-chance.xyz,Console Chance,Participez au tirage d'une console de jeux !,"Participez au tirage d'une console de jeux ! Un gagnant par semaine. La participation est gratuite.

https://tinyurl.com/xk991

Référence : 2026-613-5465",,,spam
cinema96@cinema-plus.info,Cinéma Plus,GAGNEZ DES BILLETS DE CINÉMA !!!,"GAGNEZ DES BILLETS DE CINÉMA !!! Répondez en 24 heures pour avoir une chance de gagner un laissez-passer pour deux.

L'équipe Cinéma Plus

Référence : 2026-841-7511",,,spam
offre84@offre-express.top,Offre Express,Carte cadeau de 50 $ pour les 100 premiers participants !,"Offre spéciale : carte cadeau de 50 $ pour les 100 premiers participants ! Cliquez vite avant que ce soit trop tard.

http://offre-express.top

Référence : 2026-490-7086",,,spam
webmaster99@bonus-fantastique.tk,Bonus Fantastique,Vous êtes le 1 000 000e visiteur !,"Vous êtes le 1 000 000e visiteur de notre site ! Cliquez sur le lien pour réclamer votre prix gratuit.

http://bonus-fantastique.tk

Référence : 2026-409-7689",,,spam
rentree68@rentree-chance.xyz,Rentrée Chance,Tirage de rentrée : gagnez une tablette gratuite !,"Tirage de rentrée : gagnez une tablette gratuite ! Inscrivez-vous avant le 31 août.

http://rentree-chance.xyz

Référence : 2026-479-9850",,,spam
sport37@sport-chance.info,Sport Chance,Gagnez le chandail de votre équipe préférée !,"Gagnez le chandail de votre équipe préférée ! Concours gratuit pour tous les abonnés.

https://bit.ly/2w8YbZ

Référence : 2026-554-8285",,,spam
promo68@concours-gratuit.top,Concours Gratuit,FÉLICITATIONS !!! VOUS AVEZ GAGNÉ UN IPHONE GRATUIT !,"FÉLICITATIONS !!! VOUS AVEZ GAGNÉ UN IPHONE GRATUIT ! Pour réclamer votre prix, cliquez sur le lien ci-dessous dans les 24 heures.

http://concours-gratuit.top/iphone

Ce concours est réservé aux participants chanceux.

Référence : 2026-965-5949",,,spam
tirage94@offres-express.info,Tirage Express,Gagnez une carte cadeau de 100 $ chez Amazon !,"Gagnez une carte cadeau de 100 $ chez Amazon ! Participez à notre tirage en répondant à ce courriel avant minuit.

http://bit.ly/3xK9pQ

Référence : 2026-505-5497",,,spam
voyages38@voyages-etoiles.top,Voyages Étoiles,VOUS AVEZ ÉTÉ SÉLECTIONNÉ POUR UN VOYAGE GRATUIT AUX CARAÏBES !,"VOUS AVEZ ÉTÉ SÉLECTIONNÉ POUR UN VOYAGE GRATUIT AUX CARAÏBES ! Répondez à ce courriel pour réclamer votre prix.

L'équipe Voyages Étoiles

Référence : 2026-751-4115",,,spam
promo26@tirage-magique.info,Tirage Magique,Concours : gagnez un abonnement Netflix pour un an !,"Concours : gagnez un abonnement Netflix pour un an ! C'est gratuit et facile. Cliquez ici pour participer.

http://tirage-magique.info

Référence : 2026-192-5835",,,spam
concours31@console-chance.xyz,Console Chance,Participez au tirage d'une console de jeux !,"Participez au tirage d'une console de jeux ! Un gagnant par semaine. La participation est gratuite.

https://tinyurl.com/xk991

Référence : 2026-363-8894",,,spam
cinema81@cinema-plus.info,Cinéma Plus,GAGNEZ DES BILLETS DE CINÉMA !!!,"GAGNEZ DES BILLETS DE CINÉMA !!! Répondez en 24 heures pour avoir une chance de gagner un laissez-passer pour deux.

L'équipe Cinéma Plus

Référence : 2026-474-2479",,,spam
offre23@offre-express.top,Offre Express,Carte cadeau de 50 $ pour les 100 premiers participants !,"Offre spéciale : carte cadeau de 50 $ pour les 100 premiers participants ! Cliquez vite avant que ce soit trop tard.

http://offre-express.top

Référence : 2026-791-4830",,,spam
webmaster24@bonus-fantastique.tk,Bonus Fantastique,Vous êtes le 1 000 000e visiteur !,"Vous êtes le 1 000 000e visiteur de notre site ! Cliquez sur le lien pour réclamer votre prix gratuit.

http://bonus-fantastique.tk

Référence : 2026-243-1742",,,spam
rentree63@rentree-chance.xyz,Rentrée Chance,Tirage de rentrée : gagnez une tablette gratuite !,"Tirage de rentrée : gagnez une tablette gratuite ! Inscrivez-vous avant le 31 août.

http://rentree-chance.xyz

Référence : 2026-701-3531",,,spam
sport40@sport-chance.info,Sport Chance,Gagnez le chandail de votre équipe préférée !,"Gagnez le chandail de votre équipe préférée ! Concours gratuit pour tous les abonnés.

https://bit.ly/2w8YbZ

Référence : 2026-975-6942",,,spam
promo35@concours-gratuit.top,Concours Gratuit,FÉLICITATIONS !!! VOUS AVEZ GAGNÉ UN IPHONE GRATUIT !,"FÉLICITATIONS !!! VOUS AVEZ GAGNÉ UN IPHONE GRATUIT ! Pour réclamer votre prix, cliquez sur le lien ci-dessous dans les 24 heures.

http://concours-gratuit.top/iphone

Ce concours est réservé aux participants chanceux.

Référence : 2026-493-8916",,,spam
tirage11@offres-express.info,Tirage Express,Gagnez une carte cadeau de 100 $ chez Amazon !,"Gagnez une carte cadeau de 100 $ chez Amazon ! Participez à notre tirage en répondant à ce courriel avant minuit.

http://bit.ly/3xK9pQ

Référence : 2026-679-1803",,,spam
voyages89@voyages-etoiles.top,Voyages Étoiles,VOUS AVEZ ÉTÉ SÉLECTIONNÉ POUR UN VOYAGE GRATUIT AUX CARAÏBES !,"VOUS AVEZ ÉTÉ SÉLECTIONNÉ POUR UN VOYAGE GRATUIT AUX CARAÏBES ! Répondez à ce courriel pour réclamer votre prix.

L'équipe Voyages Étoiles

Référence : 2026-356-3240",,,spam
promo51@tirage-magique.info,Tirage Magique,Concours : gagnez un abonnement Netflix pour un an !,"Concours : gagnez un abonnement Netflix pour un an ! C'est gratuit et facile. Cliquez ici pour participer.

http://tirage-magique.info

Référence : 2026-865-7807",,,spam
concours47@console-chance.xyz,Console Chance,Participez au tirage d'une console de jeux !,"Participez au tirage d'une console de jeux ! Un gagnant par semaine. La participation est gratuite.

https://tinyurl.com/xk991

Référence : 2026-864-6549",,,spam
cinema60@cinema-plus.info,Cinéma Plus,GAGNEZ DES BILLETS DE CINÉMA !!!,"GAGNEZ DES BILLETS DE CINÉMA !!! Répondez en 24 heures pour avoir une chance de gagner un laissez-passer pour deux.

L'équipe Cinéma Plus

Référence : 2026-114-5332",,,spam
offre70@offre-express.top,Offre Express,Carte cadeau de 50 $ pour les 100 premiers participants !,"Offre spéciale : carte cadeau de 50 $ pour les 100 premiers participants ! Cliquez vite avant que ce soit trop tard.

http://offre-express.top

Référence : 2026-125-6374",,,spam
webmaster14@bonus-fantastique.tk,Bonus Fantastique,Vous êtes le 1 000 000e visiteur !,"Vous êtes le 1 000 000e visiteur de notre site ! Cliquez sur le lien pour réclamer votre prix gratuit.

http://bonus-fantastique.tk

Référence : 2026-411-9071",,,spam
rentree63@rentree-chance.xyz,Rentrée Chance,Tirage de rentrée : gagnez une tablette gratuite !,"Tirage de rentrée : gagnez une tablette gratuite ! Inscrivez-vous avant le 31 août.

http://rentree-chance.xyz

Référence : 2026-770-2622",,,spam
sport22@sport-chance.info,Sport Chance,Gagnez le chandail de votre équipe préférée !,"Gagnez le chandail de votre équipe préférée ! Concours gratuit pour tous les abonnés.

https://bit.ly/2w8YbZ

Référence : 2026-802-7018",,,spam
soldes@magasin-promo.info,Magasin Promo,MÉGA SOLDES : 70 % de rabais sur tout !,"MÉGA SOLDES : 70 % de rabais sur tout le magasin ! Seulement cette fin de semaine. Achetez maintenant.

http://magasin-promo.info",,,spam
solde@vetements-solde.top,Vêtements Solde,SOLDE DE FIN DE SAISON : jusqu'à 50 % de rabais,"SOLDE DE FIN DE SAISON : jusqu'à 50 % de rabais sur les vêtements. Les quantités sont limitées.

http://vetements-solde.top",,,spam
jeux@jeux-offre.xyz,Jeux Offre,Offre de lancement : -30 % sur les nouveaux jeux !,"Offre de lancement : -30 % sur les nouveaux jeux vidéo cette semaine seulement !

http://jeux-offre.xyz",,,spam
cinema@cinema-2pour1.info,Cinéma Deux pour Un,PROMOTION EXCLUSIVE : deux billets pour le prix d'un !,"PROMOTION EXCLUSIVE : deux billets pour le prix d'un au cinéma du quartier !

http://cinema-2pour1.info",,,spam
rabais@librairies-rabais.top,Librairies Rabais,Rabais étudiants : 20 % de rabais en librairie,"Rabais étudiants : 20 % de rabais dans toutes les librairies participantes. Montrez votre carte d'étudiant !

http://librairies-rabais.top",,,spam
vente@liquidation-vite.info,Liquidation Vite,SOLDES DE LIQUIDATION : tout à moitié prix !,"SOLDES DE LIQUIDATION : tout à moitié prix pendant 48 heures seulement ! Ne manquez pas ça.

http://liquidation-vite.info",,,spam
premier@premiers-achats.tk,Premiers Achats,Prix réduit de 40 % pour les 100 premiers achats !,"Prix réduit de 40 % pour les 100 premiers achats de la semaine ! Commandez maintenant.

http://premiers-achats.tk",,,spam
smoothie@smoothies-offre.xyz,Smoothies Offre,2 pour 1 sur les smoothies cette semaine !,"2 pour 1 sur les smoothies cette semaine seulement ! Offre valable en magasin et en ligne.

http://smoothies-offre.xyz",,,spam
musique@musique-rabais.info,Musique Rabais,Économisez 25 % sur votre abonnement musical,"Économisez 25 % sur votre prochain abonnement musical. Une offre limitée pour les nouveaux membres.

http://musique-rabais.info",,,spam
pizza@pizza-special.top,Pizza Spécial,Pizza à 10 $ au lieu de 15 $ !,"Pizza à 10 $ au lieu de 15 $ : l'offre de la semaine chez votre livreur préféré. Commandez avant dimanche !

http://pizza-special.top",,,spam
soldes79@magasin-promo.info,Magasin Promo,MÉGA SOLDES : 70 % de rabais sur tout !,"MÉGA SOLDES : 70 % de rabais sur tout le magasin ! Seulement cette fin de semaine. Achetez maintenant.

http://magasin-promo.info

Référence : 2026-760-6876",,,spam
solde16@vetements-solde.top,Vêtements Solde,SOLDE DE FIN DE SAISON : jusqu'à 50 % de rabais,"SOLDE DE FIN DE SAISON : jusqu'à 50 % de rabais sur les vêtements. Les quantités sont limitées.

http://vetements-solde.top

Référence : 2026-905-6464",,,spam
jeux86@jeux-offre.xyz,Jeux Offre,Offre de lancement : -30 % sur les nouveaux jeux !,"Offre de lancement : -30 % sur les nouveaux jeux vidéo cette semaine seulement !

http://jeux-offre.xyz

Référence : 2026-102-5542",,,spam
cinema40@cinema-2pour1.info,Cinéma Deux pour Un,PROMOTION EXCLUSIVE : deux billets pour le prix d'un !,"PROMOTION EXCLUSIVE : deux billets pour le prix d'un au cinéma du quartier !

http://cinema-2pour1.info

Référence : 2026-702-6304",,,spam
rabais75@librairies-rabais.top,Librairies Rabais,Rabais étudiants : 20 % de rabais en librairie,"Rabais étudiants : 20 % de rabais dans toutes les librairies participantes. Montrez votre carte d'étudiant !

http://librairies-rabais.top

Référence : 2026-707-2786",,,spam
vente64@liquidation-vite.info,Liquidation Vite,SOLDES DE LIQUIDATION : tout à moitié prix !,"SOLDES DE LIQUIDATION : tout à moitié prix pendant 48 heures seulement ! Ne manquez pas ça.

http://liquidation-vite.info

Référence : 2026-802-2768",,,spam
premier51@premiers-achats.tk,Premiers Achats,Prix réduit de 40 % pour les 100 premiers achats !,"Prix réduit de 40 % pour les 100 premiers achats de la semaine ! Commandez maintenant.

http://premiers-achats.tk

Référence : 2026-490-9692",,,spam
smoothie62@smoothies-offre.xyz,Smoothies Offre,2 pour 1 sur les smoothies cette semaine !,"2 pour 1 sur les smoothies cette semaine seulement ! Offre valable en magasin et en ligne.

http://smoothies-offre.xyz

Référence : 2026-447-8430",,,spam
musique18@musique-rabais.info,Musique Rabais,Économisez 25 % sur votre abonnement musical,"Économisez 25 % sur votre prochain abonnement musical. Une offre limitée pour les nouveaux membres.

http://musique-rabais.info

Référence : 2026-193-2398",,,spam
pizza55@pizza-special.top,Pizza Spécial,Pizza à 10 $ au lieu de 15 $ !,"Pizza à 10 $ au lieu de 15 $ : l'offre de la semaine chez votre livreur préféré. Commandez avant dimanche !

http://pizza-special.top

Référence : 2026-994-7929",,,spam
soldes17@magasin-promo.info,Magasin Promo,MÉGA SOLDES : 70 % de rabais sur tout !,"MÉGA SOLDES : 70 % de rabais sur tout le magasin ! Seulement cette fin de semaine. Achetez maintenant.

http://magasin-promo.info

Référence : 2026-507-5520",,,spam
solde41@vetements-solde.top,Vêtements Solde,SOLDE DE FIN DE SAISON : jusqu'à 50 % de rabais,"SOLDE DE FIN DE SAISON : jusqu'à 50 % de rabais sur les vêtements. Les quantités sont limitées.

http://vetements-solde.top

Référence : 2026-228-4362",,,spam
jeux28@jeux-offre.xyz,Jeux Offre,Offre de lancement : -30 % sur les nouveaux jeux !,"Offre de lancement : -30 % sur les nouveaux jeux vidéo cette semaine seulement !

http://jeux-offre.xyz

Référence : 2026-233-9850",,,spam
cinema12@cinema-2pour1.info,Cinéma Deux pour Un,PROMOTION EXCLUSIVE : deux billets pour le prix d'un !,"PROMOTION EXCLUSIVE : deux billets pour le prix d'un au cinéma du quartier !

http://cinema-2pour1.info

Référence : 2026-278-5347",,,spam
rabais67@librairies-rabais.top,Librairies Rabais,Rabais étudiants : 20 % de rabais en librairie,"Rabais étudiants : 20 % de rabais dans toutes les librairies participantes. Montrez votre carte d'étudiant !

http://librairies-rabais.top

Référence : 2026-615-4629",,,spam
vente72@liquidation-vite.info,Liquidation Vite,SOLDES DE LIQUIDATION : tout à moitié prix !,"SOLDES DE LIQUIDATION : tout à moitié prix pendant 48 heures seulement ! Ne manquez pas ça.

http://liquidation-vite.info

Référence : 2026-829-8267",,,spam
premier47@premiers-achats.tk,Premiers Achats,Prix réduit de 40 % pour les 100 premiers achats !,"Prix réduit de 40 % pour les 100 premiers achats de la semaine ! Commandez maintenant.

http://premiers-achats.tk

Référence : 2026-564-9282",,,spam
smoothie61@smoothies-offre.xyz,Smoothies Offre,2 pour 1 sur les smoothies cette semaine !,"2 pour 1 sur les smoothies cette semaine seulement ! Offre valable en magasin et en ligne.

http://smoothies-offre.xyz

Référence : 2026-525-2557",,,spam
musique21@musique-rabais.info,Musique Rabais,Économisez 25 % sur votre abonnement musical,"Économisez 25 % sur votre prochain abonnement musical. Une offre limitée pour les nouveaux membres.

http://musique-rabais.info

Référence : 2026-542-2582",,,spam
pizza16@pizza-special.top,Pizza Spécial,Pizza à 10 $ au lieu de 15 $ !,"Pizza à 10 $ au lieu de 15 $ : l'offre de la semaine chez votre livreur préféré. Commandez avant dimanche !

http://pizza-special.top

Référence : 2026-394-6119",,,spam
soldes34@magasin-promo.info,Magasin Promo,MÉGA SOLDES : 70 % de rabais sur tout !,"MÉGA SOLDES : 70 % de rabais sur tout le magasin ! Seulement cette fin de semaine. Achetez maintenant.

http://magasin-promo.info

Référence : 2026-225-8450",,,spam
solde18@vetements-solde.top,Vêtements Solde,SOLDE DE FIN DE SAISON : jusqu'à 50 % de rabais,"SOLDE DE FIN DE SAISON : jusqu'à 50 % de rabais sur les vêtements. Les quantités sont limitées.

http://vetements-solde.top

Référence : 2026-949-4394",,,spam
jeux42@jeux-offre.xyz,Jeux Offre,Offre de lancement : -30 % sur les nouveaux jeux !,"Offre de lancement : -30 % sur les nouveaux jeux vidéo cette semaine seulement !

http://jeux-offre.xyz

Référence : 2026-917-3858",,,spam
cinema16@cinema-2pour1.info,Cinéma Deux pour Un,PROMOTION EXCLUSIVE : deux billets pour le prix d'un !,"PROMOTION EXCLUSIVE : deux billets pour le prix d'un au cinéma du quartier !

http://cinema-2pour1.info

Référence : 2026-229-7897",,,spam
rabais88@librairies-rabais.top,Librairies Rabais,Rabais étudiants : 20 % de rabais en librairie,"Rabais étudiants : 20 % de rabais dans toutes les librairies participantes. Montrez votre carte d'étudiant !

http://librairies-rabais.top

Référence : 2026-144-9543",,,spam
vente19@liquidation-vite.info,Liquidation Vite,SOLDES DE LIQUIDATION : tout à moitié prix !,"SOLDES DE LIQUIDATION : tout à moitié prix pendant 48 heures seulement ! Ne manquez pas ça.

http://liquidation-vite.info

Référence : 2026-182-6277",,,spam
premier87@premiers-achats.tk,Premiers Achats,Prix réduit de 40 % pour les 100 premiers achats !,"Prix réduit de 40 % pour les 100 premiers achats de la semaine ! Commandez maintenant.

http://premiers-achats.tk

Référence : 2026-540-2624",,,spam
smoothie50@smoothies-offre.xyz,Smoothies Offre,2 pour 1 sur les smoothies cette semaine !,"2 pour 1 sur les smoothies cette semaine seulement ! Offre valable en magasin et en ligne.

http://smoothies-offre.xyz

Référence : 2026-537-6120",,,spam
musique57@musique-rabais.info,Musique Rabais,Économisez 25 % sur votre abonnement musical,"Économisez 25 % sur votre prochain abonnement musical. Une offre limitée pour les nouveaux membres.

http://musique-rabais.info

Référence : 2026-931-3131",,,spam
pizza55@pizza-special.top,Pizza Spécial,Pizza à 10 $ au lieu de 15 $ !,"Pizza à 10 $ au lieu de 15 $ : l'offre de la semaine chez votre livreur préféré. Commandez avant dimanche !

http://pizza-special.top

Référence : 2026-206-9313",,,spam
soldes21@magasin-promo.info,Magasin Promo,MÉGA SOLDES : 70 % de rabais sur tout !,"MÉGA SOLDES : 70 % de rabais sur tout le magasin ! Seulement cette fin de semaine. Achetez maintenant.

http://magasin-promo.info

Référence : 2026-778-4475",,,spam
solde85@vetements-solde.top,Vêtements Solde,SOLDE DE FIN DE SAISON : jusqu'à 50 % de rabais,"SOLDE DE FIN DE SAISON : jusqu'à 50 % de rabais sur les vêtements. Les quantités sont limitées.

http://vetements-solde.top

Référence : 2026-321-4817",,,spam
jeux24@jeux-offre.xyz,Jeux Offre,Offre de lancement : -30 % sur les nouveaux jeux !,"Offre de lancement : -30 % sur les nouveaux jeux vidéo cette semaine seulement !

http://jeux-offre.xyz

Référence : 2026-776-1422",,,spam
cinema77@cinema-2pour1.info,Cinéma Deux pour Un,PROMOTION EXCLUSIVE : deux billets pour le prix d'un !,"PROMOTION EXCLUSIVE : deux billets pour le prix d'un au cinéma du quartier !

http://cinema-2pour1.info

Référence : 2026-216-2041",,,spam
rabais48@librairies-rabais.top,Librairies Rabais,Rabais étudiants : 20 % de rabais en librairie,"Rabais étudiants : 20 % de rabais dans toutes les librairies participantes. Montrez votre carte d'étudiant !

http://librairies-rabais.top

Référence : 2026-569-1510",,,spam
vente87@liquidation-vite.info,Liquidation Vite,SOLDES DE LIQUIDATION : tout à moitié prix !,"SOLDES DE LIQUIDATION : tout à moitié prix pendant 48 heures seulement ! Ne manquez pas ça.

http://liquidation-vite.info

Référence : 2026-251-2076",,,spam
premier99@premiers-achats.tk,Premiers Achats,Prix réduit de 40 % pour les 100 premiers achats !,"Prix réduit de 40 % pour les 100 premiers achats de la semaine ! Commandez maintenant.

http://premiers-achats.tk

Référence : 2026-217-4522",,,spam
smoothie95@smoothies-offre.xyz,Smoothies Offre,2 pour 1 sur les smoothies cette semaine !,"2 pour 1 sur les smoothies cette semaine seulement ! Offre valable en magasin et en ligne.

http://smoothies-offre.xyz

Référence : 2026-361-7132",,,spam
musique81@musique-rabais.info,Musique Rabais,Économisez 25 % sur votre abonnement musical,"Économisez 25 % sur votre prochain abonnement musical. Une offre limitée pour les nouveaux membres.

http://musique-rabais.info

Référence : 2026-161-6400",,,spam
pizza37@pizza-special.top,Pizza Spécial,Pizza à 10 $ au lieu de 15 $ !,"Pizza à 10 $ au lieu de 15 $ : l'offre de la semaine chez votre livreur préféré. Commandez avant dimanche !

http://pizza-special.top

Référence : 2026-258-8900",,,spam
soldes92@magasin-promo.info,Magasin Promo,MÉGA SOLDES : 70 % de rabais sur tout !,"MÉGA SOLDES : 70 % de rabais sur tout le magasin ! Seulement cette fin de semaine. Achetez maintenant.

http://magasin-promo.info

Référence : 2026-754-1349",,,spam
solde52@vetements-solde.top,Vêtements Solde,SOLDE DE FIN DE SAISON : jusqu'à 50 % de rabais,"SOLDE DE FIN DE SAISON : jusqu'à 50 % de rabais sur les vêtements. Les quantités sont limitées.

http://vetements-solde.top

Référence : 2026-892-3417",,,spam
jeux26@jeux-offre.xyz,Jeux Offre,Offre de lancement : -30 % sur les nouveaux jeux !,"Offre de lancement : -30 % sur les nouveaux jeux vidéo cette semaine seulement !

http://jeux-offre.xyz

Référence : 2026-115-6869",,,spam
cinema70@cinema-2pour1.info,Cinéma Deux pour Un,PROMOTION EXCLUSIVE : deux billets pour le prix d'un !,"PROMOTION EXCLUSIVE : deux billets pour le prix d'un au cinéma du quartier !

http://cinema-2pour1.info

Référence : 2026-559-6931",,,spam
rabais17@librairies-rabais.top,Librairies Rabais,Rabais étudiants : 20 % de rabais en librairie,"Rabais étudiants : 20 % de rabais dans toutes les librairies participantes. Montrez votre carte d'étudiant !

http://librairies-rabais.top

Référence : 2026-590-7580",,,spam
vente26@liquidation-vite.info,Liquidation Vite,SOLDES DE LIQUIDATION : tout à moitié prix !,"SOLDES DE LIQUIDATION : tout à moitié prix pendant 48 heures seulement ! Ne manquez pas ça.

http://liquidation-vite.info

Référence : 2026-381-9984",,,spam
premier65@premiers-achats.tk,Premiers Achats,Prix réduit de 40 % pour les 100 premiers achats !,"Prix réduit de 40 % pour les 100 premiers achats de la semaine ! Commandez maintenant.

http://premiers-achats.tk

Référence : 2026-562-4743",,,spam
smoothie29@smoothies-offre.xyz,Smoothies Offre,2 pour 1 sur les smoothies cette semaine !,"2 pour 1 sur les smoothies cette semaine seulement ! Offre valable en magasin et en ligne.

http://smoothies-offre.xyz

Référence : 2026-803-8770",,,spam
musique95@musique-rabais.info,Musique Rabais,Économisez 25 % sur votre abonnement musical,"Économisez 25 % sur votre prochain abonnement musical. Une offre limitée pour les nouveaux membres.

http://musique-rabais.info

Référence : 2026-225-7730",,,spam
pizza38@pizza-special.top,Pizza Spécial,Pizza à 10 $ au lieu de 15 $ !,"Pizza à 10 $ au lieu de 15 $ : l'offre de la semaine chez votre livreur préféré. Commandez avant dimanche !

http://pizza-special.top

Référence : 2026-967-2773",,,spam
promo@boutique-lumineuse.xyz,Boutique Lumineuse,"Achetez maintenant, les stocks sont limités !","Achetez maintenant, les stocks sont limités ! Les nouveautés se vendent vite.

http://boutique-lumineuse.xyz",,,spam
offre@occasion-vite.info,Occasion Vite,Offre limitée — expire dans 24 heures !,"Offre limitée — expire dans 24 heures ! Ne laissez pas passer cette occasion.

http://occasion-vite.info",,,spam
games@games-deal.top,Games Deal,BUY NOW and save 70 % on all games !,"BUY NOW and save 70 % on all games ! This week only.

http://games-deal.top",,,spam
livraison@livraison-gratuite.info,Livraison Gratuite,Commandez avant minuit pour la livraison gratuite,"Commandez avant minuit pour la livraison gratuite. Dépêchez-vous, l'horloge tourne !

http://livraison-gratuite.info",,,spam
vedette@articles-vedettes.tk,Articles Vedettes,Dernière chance : quantités limitées !,"Dernière chance : quantités limitées sur les articles vedettes. Une fois partis, c'est fini.

http://articles-vedettes.tk",,,spam
soir@offre-soir.xyz,Offre Soir,Ne manquez pas cette offre — elle se termine ce soir,"Ne manquez pas cette offre — elle se termine ce soir à 23 h 59. Vraiment !

http://offre-soir.xyz",,,spam
deal@deal-special.info,Deal Spécial,Special deal just for you : -50 % de rabais aujourd'hui,"Special deal just for you : -50 % de rabais aujourd'hui seulement. C'est votre jour de chance !

http://deal-special.info",,,spam
catalogue@catalogue-promo.top,Catalogue Promo,Prix de lancement : 20 % de réduction sur tout,"Prix de lancement : 20 % de réduction sur tout le catalogue. La promo dure une seule journée.

http://catalogue-promo.top",,,spam
reste@unites-restantes.info,Unités Restantes,Seulement 3 unités restantes à ce prix !,"Seulement 3 unités restantes à ce prix — réservez vite avant d'être déçu !

http://unites-restantes.info",,,spam
abo@abonnements-offre.xyz,Abonnements Offre,Offre de la semaine : 30 % de moins sur tous les abonnements,"Offre de la semaine : 30 % de moins sur tous les abonnements. Achetez maintenant, c'est le bon moment !

http://abonnements-offre.xyz",,,spam
promo54@boutique-lumineuse.xyz,Boutique Lumineuse,"Achetez maintenant, les stocks sont limités !","Achetez maintenant, les stocks sont limités ! Les nouveautés se vendent vite.

http://boutique-lumineuse.xyz

Référence : 2026-965-7022",,,spam
offre87@occasion-vite.info,Occasion Vite,Offre limitée — expire dans 24 heures !,"Offre limitée — expire dans 24 heures ! Ne laissez pas passer cette occasion.

http://occasion-vite.info

Référence : 2026-773-5381",,,spam
games33@games-deal.top,Games Deal,BUY NOW and save 70 % on all games !,"BUY NOW and save 70 % on all games ! This week only.

http://games-deal.top

Référence : 2026-990-3347",,,spam
livraison37@livraison-gratuite.info,Livraison Gratuite,Commandez avant minuit pour la livraison gratuite,"Commandez avant minuit pour la livraison gratuite. Dépêchez-vous, l'horloge tourne !

http://livraison-gratuite.info

Référence : 2026-485-7878",,,spam
vedette16@articles-vedettes.tk,Articles Vedettes,Dernière chance : quantités limitées !,"Dernière chance : quantités limitées sur les articles vedettes. Une fois partis, c'est fini.

http://articles-vedettes.tk

Référence : 2026-259-3579",,,spam
soir63@offre-soir.xyz,Offre Soir,Ne manquez pas cette offre — elle se termine ce soir,"Ne manquez pas cette offre — elle se termine ce soir à 23 h 59. Vraiment !

http://offre-soir.xyz

Référence : 2026-379-4531",,,spam
deal77@deal-special.info,Deal Spécial,Special deal just for you : -50 % de rabais aujourd'hui,"Special deal just for you : -50 % de rabais aujourd'hui seulement. C'est votre jour de chance !

http://deal-special.info

Référence : 2026-783-6053",,,spam
catalogue27@catalogue-promo.top,Catalogue Promo,Prix de lancement : 20 % de réduction sur tout,"Prix de lancement : 20 % de réduction sur tout le catalogue. La promo dure une seule journée.

http://catalogue-promo.top

Référence : 2026-882-5186",,,spam
reste78@unites-restantes.info,Unités Restantes,Seulement 3 unités restantes à ce prix !,"Seulement 3 unités restantes à ce prix — réservez vite avant d'être déçu !

http://unites-restantes.info

Référence : 2026-820-4770",,,spam
abo19@abonnements-offre.xyz,Abonnements Offre,Offre de la semaine : 30 % de moins sur tous les abonnements,"Offre de la semaine : 30 % de moins sur tous les abonnements. Achetez maintenant, c'est le bon moment !

http://abonnements-offre.xyz

Référence : 2026-982-6129",,,spam
promo24@boutique-lumineuse.xyz,Boutique Lumineuse,"Achetez maintenant, les stocks sont limités !","Achetez maintenant, les stocks sont limités ! Les nouveautés se vendent vite.

http://boutique-lumineuse.xyz

Référence : 2026-880-5564",,,spam
offre13@occasion-vite.info,Occasion Vite,Offre limitée — expire dans 24 heures !,"Offre limitée — expire dans 24 heures ! Ne laissez pas passer cette occasion.

http://occasion-vite.info

Référence : 2026-284-5477",,,spam
games82@games-deal.top,Games Deal,BUY NOW and save 70 % on all games !,"BUY NOW and save 70 % on all games ! This week only.

http://games-deal.top

Référence : 2026-773-7566",,,spam
livraison68@livraison-gratuite.info,Livraison Gratuite,Commandez avant minuit pour la livraison gratuite,"Commandez avant minuit pour la livraison gratuite. Dépêchez-vous, l'horloge tourne !

http://livraison-gratuite.info

Référence : 2026-449-3578",,,spam
vedette89@articles-vedettes.tk,Articles Vedettes,Dernière chance : quantités limitées !,"Dernière chance : quantités limitées sur les articles vedettes. Une fois partis, c'est fini.

http://articles-vedettes.tk

Référence : 2026-150-2336",,,spam
soir75@offre-soir.xyz,Offre Soir,Ne manquez pas cette offre — elle se termine ce soir,"Ne manquez pas cette offre — elle se termine ce soir à 23 h 59. Vraiment !

http://offre-soir.xyz

Référence : 2026-216-6655",,,spam
deal15@deal-special.info,Deal Spécial,Special deal just for you : -50 % de rabais aujourd'hui,"Special deal just for you : -50 % de rabais aujourd'hui seulement. C'est votre jour de chance !

http://deal-special.info

Référence : 2026-325-7475",,,spam
catalogue47@catalogue-promo.top,Catalogue Promo,Prix de lancement : 20 % de réduction sur tout,"Prix de lancement : 20 % de réduction sur tout le catalogue. La promo dure une seule journée.

http://catalogue-promo.top

Référence : 2026-435-2965",,,spam
reste74@unites-restantes.info,Unités Restantes,Seulement 3 unités restantes à ce prix !,"Seulement 3 unités restantes à ce prix — réservez vite avant d'être déçu !

http://unites-restantes.info

Référence : 2026-672-6802",,,spam
abo83@abonnements-offre.xyz,Abonnements Offre,Offre de la semaine : 30 % de moins sur tous les abonnements,"Offre de la semaine : 30 % de moins sur tous les abonnements. Achetez maintenant, c'est le bon moment !

http://abonnements-offre.xyz

Référence : 2026-539-7626",,,spam
promo83@boutique-lumineuse.xyz,Boutique Lumineuse,"Achetez maintenant, les stocks sont limités !","Achetez maintenant, les stocks sont limités ! Les nouveautés se vendent vite.

http://boutique-lumineuse.xyz

Référence : 2026-331-8030",,,spam
offre99@occasion-vite.info,Occasion Vite,Offre limitée — expire dans 24 heures !,"Offre limitée — expire dans 24 heures ! Ne laissez pas passer cette occasion.

http://occasion-vite.info

Référence : 2026-880-6062",,,spam
games18@games-deal.top,Games Deal,BUY NOW and save 70 % on all games !,"BUY NOW and save 70 % on all games ! This week only.

http://games-deal.top

Référence : 2026-245-1502",,,spam
livraison57@livraison-gratuite.info,Livraison Gratuite,Commandez avant minuit pour la livraison gratuite,"Commandez avant minuit pour la livraison gratuite. Dépêchez-vous, l'horloge tourne !

http://livraison-gratuite.info

Référence : 2026-419-6314",,,spam
vedette44@articles-vedettes.tk,Articles Vedettes,Dernière chance : quantités limitées !,"Dernière chance : quantités limitées sur les articles vedettes. Une fois partis, c'est fini.

http://articles-vedettes.tk

Référence : 2026-553-7947",,,spam
soir65@offre-soir.xyz,Offre Soir,Ne manquez pas cette offre — elle se termine ce soir,"Ne manquez pas cette offre — elle se termine ce soir à 23 h 59. Vraiment !

http://offre-soir.xyz

Référence : 2026-213-5640",,,spam
deal86@deal-special.info,Deal Spécial,Special deal just for you : -50 % de rabais aujourd'hui,"Special deal just for you : -50 % de rabais aujourd'hui seulement. C'est votre jour de chance !

http://deal-special.info

Référence : 2026-156-1125",,,spam
catalogue10@catalogue-promo.top,Catalogue Promo,Prix de lancement : 20 % de réduction sur tout,"Prix de lancement : 20 % de réduction sur tout le catalogue. La promo dure une seule journée.

http://catalogue-promo.top

Référence : 2026-609-8055",,,spam
reste19@unites-restantes.info,Unités Restantes,Seulement 3 unités restantes à ce prix !,"Seulement 3 unités restantes à ce prix — réservez vite avant d'être déçu !

http://unites-restantes.info

Référence : 2026-506-1693",,,spam
abo91@abonnements-offre.xyz,Abonnements Offre,Offre de la semaine : 30 % de moins sur tous les abonnements,"Offre de la semaine : 30 % de moins sur tous les abonnements. Achetez maintenant, c'est le bon moment !

http://abonnements-offre.xyz

Référence : 2026-527-5743",,,spam
promo81@boutique-lumineuse.xyz,Boutique Lumineuse,"Achetez maintenant, les stocks sont limités !","Achetez maintenant, les stocks sont limités ! Les nouveautés se vendent vite.

http://boutique-lumineuse.xyz

Référence : 2026-885-1430",,,spam
offre53@occasion-vite.info,Occasion Vite,Offre limitée — expire dans 24 heures !,"Offre limitée — expire dans 24 heures ! Ne laissez pas passer cette occasion.

http://occasion-vite.info

Référence : 2026-459-1100",,,spam
games21@games-deal.top,Games Deal,BUY NOW and save 70 % on all games !,"BUY NOW and save 70 % on all games ! This week only.

http://games-deal.top

Référence : 2026-864-9691",,,spam
livraison82@livraison-gratuite.info,Livraison Gratuite,Commandez avant minuit pour la livraison gratuite,"Commandez avant minuit pour la livraison gratuite. Dépêchez-vous, l'horloge tourne !

http://livraison-gratuite.info

Référence : 2026-710-2391",,,spam
vedette72@articles-vedettes.tk,Articles Vedettes,Dernière chance : quantités limitées !,"Dernière chance : quantités limitées sur les articles vedettes. Une fois partis, c'est fini.

http://articles-vedettes.tk

Référence : 2026-721-8242",,,spam
soir96@offre-soir.xyz,Offre Soir,Ne manquez pas cette offre — elle se termine ce soir,"Ne manquez pas cette offre — elle se termine ce soir à 23 h 59. Vraiment !

http://offre-soir.xyz

Référence : 2026-794-8972",,,spam
deal36@deal-special.info,Deal Spécial,Special deal just for you : -50 % de rabais aujourd'hui,"Special deal just for you : -50 % de rabais aujourd'hui seulement. C'est votre jour de chance !

http://deal-special.info

Référence : 2026-408-4460",,,spam
catalogue32@catalogue-promo.top,Catalogue Promo,Prix de lancement : 20 % de réduction sur tout,"Prix de lancement : 20 % de réduction sur tout le catalogue. La promo dure une seule journée.

http://catalogue-promo.top

Référence : 2026-232-7229",,,spam
reste65@unites-restantes.info,Unités Restantes,Seulement 3 unités restantes à ce prix !,"Seulement 3 unités restantes à ce prix — réservez vite avant d'être déçu !

http://unites-restantes.info

Référence : 2026-119-8532",,,spam
abo24@abonnements-offre.xyz,Abonnements Offre,Offre de la semaine : 30 % de moins sur tous les abonnements,"Offre de la semaine : 30 % de moins sur tous les abonnements. Achetez maintenant, c'est le bon moment !

http://abonnements-offre.xyz

Référence : 2026-514-1341",,,spam
offer@super-offer.top,Super Offer,SUPER OFFER !!!! DONT MISS IT !!!!,"SUPER OFFER !!!! DONT MISS IT !!!! Click HERE !!!

http://super-offer.top",,,spam
vente@rabais-fou.xyz,Rabais Fou,OFFRE INCROYABLE !!! -80 % DE RABAIS SUR TOUT !!!,"OFFRE INCROYABLE !!! -80 % DE RABAIS SUR TOUT !!! VENEZ VITE !!!

http://rabais-fou.xyz",,,spam
promo@mega-vente.info,Méga Vente,PROFITEZ-EN !!! MÉGA VENTE DE LA SEMAINE !!!,"PROFITEZ-EN !!! MÉGA VENTE DE LA SEMAINE !!! TOUT DOIT DISPARAÎTRE !!!

http://mega-vente.info",,,spam
chance@chance-une.info,Chance Unique,NE MANQUEZ PAS CETTE CHANCE !!! UNE SEULE JOURNÉE !!!,"NE MANQUEZ PAS CETTE CHANCE !!! UNE SEULE JOURNÉE !!!

http://chance-une.info",,,spam
appareils@appareils-rabais.top,Appareils Rabais,ÉCONOMISEZ ÉNORMÉMENT !!! 60 % DE RABAIS !!!,"ÉCONOMISEZ ÉNORMÉMENT !!! 60 % DE RABAIS SUR LES APPAREILS !!!

http://appareils-rabais.top",,,spam
promo@promo-vite.xyz,Promo Vite,CLIQUEZ MAINTENANT !!! LA PROMO SE TERMINE BIENTÔT !!!,"CLIQUEZ MAINTENANT !!! LA PROMO SE TERMINE BIENTÔT !!!

http://promo-vite.xyz",,,spam
echantillon@echantillons-gratuit.tk,Échantillons Gratuit,GRATUIT !!! GRATUIT !!! GRATUIT !!!,"GRATUIT !!! GRATUIT !!! GRATUIT !!! Des échantillons pour tous !!!

http://echantillons-gratuit.tk",,,spam
surprise@surprises-quotidiennes.info,Surprises Quotidiennes,WOW !!! Des surprises chaque jour !!!,"WOW !!! Des surprises chaque jour !!! Inscrivez-vous aujourd'hui !!!

http://surprises-quotidiennes.info",,,spam
offer51@super-offer.top,Super Offer,SUPER OFFER !!!! DONT MISS IT !!!!,"SUPER OFFER !!!! DONT MISS IT !!!! Click HERE !!!

http://super-offer.top

Référence : 2026-275-8538",,,spam
vente77@rabais-fou.xyz,Rabais Fou,OFFRE INCROYABLE !!! -80 % DE RABAIS SUR TOUT !!!,"OFFRE INCROYABLE !!! -80 % DE RABAIS SUR TOUT !!! VENEZ VITE !!!

http://rabais-fou.xyz

Référence : 2026-180-7484",,,spam
promo77@mega-vente.info,Méga Vente,PROFITEZ-EN !!! MÉGA VENTE DE LA SEMAINE !!!,"PROFITEZ-EN !!! MÉGA VENTE DE LA SEMAINE !!! TOUT DOIT DISPARAÎTRE !!!

http://mega-vente.info

Référence : 2026-622-4176",,,spam
chance87@chance-une.info,Chance Unique,NE MANQUEZ PAS CETTE CHANCE !!! UNE SEULE JOURNÉE !!!,"NE MANQUEZ PAS CETTE CHANCE !!! UNE SEULE JOURNÉE !!!

http://chance-une.info

Référence : 2026-256-2234",,,spam
appareils90@appareils-rabais.top,Appareils Rabais,ÉCONOMISEZ ÉNORMÉMENT !!! 60 % DE RABAIS !!!,"ÉCONOMISEZ ÉNORMÉMENT !!! 60 % DE RABAIS SUR LES APPAREILS !!!

http://appareils-rabais.top

Référence : 2026-423-3473",,,spam
promo55@promo-vite.xyz,Promo Vite,CLIQUEZ MAINTENANT !!! LA PROMO SE TERMINE BIENTÔT !!!,"CLIQUEZ MAINTENANT !!! LA PROMO SE TERMINE BIENTÔT !!!

http://promo-vite.xyz

Référence : 2026-619-2215",,,spam
echantillon88@echantillons-gratuit.tk,Échantillons Gratuit,GRATUIT !!! GRATUIT !!! GRATUIT !!!,"GRATUIT !!! GRATUIT !!! GRATUIT !!! Des échantillons pour tous !!!

http://echantillons-gratuit.tk

Référence : 2026-708-9307",,,spam
surprise74@surprises-quotidiennes.info,Surprises Quotidiennes,WOW !!! Des surprises chaque jour !!!,"WOW !!! Des surprises chaque jour !!! Inscrivez-vous aujourd'hui !!!

http://surprises-quotidiennes.info

Référence : 2026-254-2013",,,spam
offer98@super-offer.top,Super Offer,SUPER OFFER !!!! DONT MISS IT !!!!,"SUPER OFFER !!!! DONT MISS IT !!!! Click HERE !!!

http://super-offer.top

Référence : 2026-470-2443",,,spam
vente49@rabais-fou.xyz,Rabais Fou,OFFRE INCROYABLE !!! -80 % DE RABAIS SUR TOUT !!!,"OFFRE INCROYABLE !!! -80 % DE RABAIS SUR TOUT !!! VENEZ VITE !!!

http://rabais-fou.xyz

Référence : 2026-863-6562",,,spam
promo54@mega-vente.info,Méga Vente,PROFITEZ-EN !!! MÉGA VENTE DE LA SEMAINE !!!,"PROFITEZ-EN !!! MÉGA VENTE DE LA SEMAINE !!! TOUT DOIT DISPARAÎTRE !!!

http://mega-vente.info

Référence : 2026-459-3419",,,spam
chance32@chance-une.info,Chance Unique,NE MANQUEZ PAS CETTE CHANCE !!! UNE SEULE JOURNÉE !!!,"NE MANQUEZ PAS CETTE CHANCE !!! UNE SEULE JOURNÉE !!!

http://chance-une.info

Référence : 2026-891-9095",,,spam
appareils66@appareils-rabais.top,Appareils Rabais,ÉCONOMISEZ ÉNORMÉMENT !!! 60 % DE RABAIS !!!,"ÉCONOMISEZ ÉNORMÉMENT !!! 60 % DE RABAIS SUR LES APPAREILS !!!

http://appareils-rabais.top

Référence : 2026-169-8682",,,spam
promo49@promo-vite.xyz,Promo Vite,CLIQUEZ MAINTENANT !!! LA PROMO SE TERMINE BIENTÔT !!!,"CLIQUEZ MAINTENANT !!! LA PROMO SE TERMINE BIENTÔT !!!

http://promo-vite.xyz

Référence : 2026-572-8404",,,spam
echantillon59@echantillons-gratuit.tk,Échantillons Gratuit,GRATUIT !!! GRATUIT !!! GRATUIT !!!,"GRATUIT !!! GRATUIT !!! GRATUIT !!! Des échantillons pour tous !!!

http://echantillons-gratuit.tk

Référence : 2026-573-1672",,,spam
surprise67@surprises-quotidiennes.info,Surprises Quotidiennes,WOW !!! Des surprises chaque jour !!!,"WOW !!! Des surprises chaque jour !!! Inscrivez-vous aujourd'hui !!!

http://surprises-quotidiennes.info

Référence : 2026-205-6626",,,spam
offer65@super-offer.top,Super Offer,SUPER OFFER !!!! DONT MISS IT !!!!,"SUPER OFFER !!!! DONT MISS IT !!!! Click HERE !!!

http://super-offer.top

Référence : 2026-964-2734",,,spam
vente38@rabais-fou.xyz,Rabais Fou,OFFRE INCROYABLE !!! -80 % DE RABAIS SUR TOUT !!!,"OFFRE INCROYABLE !!! -80 % DE RABAIS SUR TOUT !!! VENEZ VITE !!!

http://rabais-fou.xyz

Référence : 2026-441-3754",,,spam
promo40@mega-vente.info,Méga Vente,PROFITEZ-EN !!! MÉGA VENTE DE LA SEMAINE !!!,"PROFITEZ-EN !!! MÉGA VENTE DE LA SEMAINE !!! TOUT DOIT DISPARAÎTRE !!!

http://mega-vente.info

Référence : 2026-205-3399",,,spam
chance69@chance-une.info,Chance Unique,NE MANQUEZ PAS CETTE CHANCE !!! UNE SEULE JOURNÉE !!!,"NE MANQUEZ PAS CETTE CHANCE !!! UNE SEULE JOURNÉE !!!

http://chance-une.info

Référence : 2026-872-8354",,,spam
appareils66@appareils-rabais.top,Appareils Rabais,ÉCONOMISEZ ÉNORMÉMENT !!! 60 % DE RABAIS !!!,"ÉCONOMISEZ ÉNORMÉMENT !!! 60 % DE RABAIS SUR LES APPAREILS !!!

http://appareils-rabais.top

Référence : 2026-746-5961",,,spam
promo14@promo-vite.xyz,Promo Vite,CLIQUEZ MAINTENANT !!! LA PROMO SE TERMINE BIENTÔT !!!,"CLIQUEZ MAINTENANT !!! LA PROMO SE TERMINE BIENTÔT !!!

http://promo-vite.xyz

Référence : 2026-158-7041",,,spam
echantillon67@echantillons-gratuit.tk,Échantillons Gratuit,GRATUIT !!! GRATUIT !!! GRATUIT !!!,"GRATUIT !!! GRATUIT !!! GRATUIT !!! Des échantillons pour tous !!!

http://echantillons-gratuit.tk

Référence : 2026-929-4084",,,spam
surprise20@surprises-quotidiennes.info,Surprises Quotidiennes,WOW !!! Des surprises chaque jour !!!,"WOW !!! Des surprises chaque jour !!! Inscrivez-vous aujourd'hui !!!

http://surprises-quotidiennes.info

Référence : 2026-616-3827",,,spam
offer41@super-offer.top,Super Offer,SUPER OFFER !!!! DONT MISS IT !!!!,"SUPER OFFER !!!! DONT MISS IT !!!! Click HERE !!!

http://super-offer.top

Référence : 2026-546-7560",,,spam
vente19@rabais-fou.xyz,Rabais Fou,OFFRE INCROYABLE !!! -80 % DE RABAIS SUR TOUT !!!,"OFFRE INCROYABLE !!! -80 % DE RABAIS SUR TOUT !!! VENEZ VITE !!!

http://rabais-fou.xyz

Référence : 2026-622-2868",,,spam
promo42@mega-vente.info,Méga Vente,PROFITEZ-EN !!! MÉGA VENTE DE LA SEMAINE !!!,"PROFITEZ-EN !!! MÉGA VENTE DE LA SEMAINE !!! TOUT DOIT DISPARAÎTRE !!!

http://mega-vente.info

Référence : 2026-302-3842",,,spam
chance97@chance-une.info,Chance Unique,NE MANQUEZ PAS CETTE CHANCE !!! UNE SEULE JOURNÉE !!!,"NE MANQUEZ PAS CETTE CHANCE !!! UNE SEULE JOURNÉE !!!

http://chance-une.info

Référence : 2026-678-6295",,,spam
appareils45@appareils-rabais.top,Appareils Rabais,ÉCONOMISEZ ÉNORMÉMENT !!! 60 % DE RABAIS !!!,"ÉCONOMISEZ ÉNORMÉMENT !!! 60 % DE RABAIS SUR LES APPAREILS !!!

http://appareils-rabais.top

Référence : 2026-705-1920",,,spam
promo46@promo-vite.xyz,Promo Vite,CLIQUEZ MAINTENANT !!! LA PROMO SE TERMINE BIENTÔT !!!,"CLIQUEZ MAINTENANT !!! LA PROMO SE TERMINE BIENTÔT !!!

http://promo-vite.xyz

Référence : 2026-178-2479",,,spam
echantillon51@echantillons-gratuit.tk,Échantillons Gratuit,GRATUIT !!! GRATUIT !!! GRATUIT !!!,"GRATUIT !!! GRATUIT !!! GRATUIT !!! Des échantillons pour tous !!!

http://echantillons-gratuit.tk

Référence : 2026-719-8792",,,spam
surprise15@surprises-quotidiennes.info,Surprises Quotidiennes,WOW !!! Des surprises chaque jour !!!,"WOW !!! Des surprises chaque jour !!! Inscrivez-vous aujourd'hui !!!

http://surprises-quotidiennes.info

Référence : 2026-353-8172",,,spam
promo@rabais-multiples.info,Rabais Multiples,"Trois sites, trois rabais !","Trois sites, trois rabais : http://rabais-un.info, http://rabais-deux.top et http://rabais-trois.xyz. Visitez-les avant la fin de la semaine !",,,spam
info@magasin-officiel.info,Magasin Officiel,Retrouvez-nous partout !,"Retrouvez-nous partout : https://bit.ly/offre1, https://tinyurl.com/offre2 et http://magasin-officiel.info. Bon magasinage !",,,spam
vente@prix-choc.info,Prix Choc,Comparez nos prix !,"Comparez nos prix : http://prix-bas.xyz, http://prix-fous.top et http://prix-choc.info. Le meilleur prix est chez nous !",,,spam
pages@pages-promo.tk,Pages Promo,Quatre pages à visiter !,"Nos pages à visiter : http://page1-promo.tk, http://page2-promo.info, http://page3-promo.xyz et http://page4-promo.top. Quatre chances de rabais !",,,spam
offre@lien-trois.top,Lien Trois,L'offre complète est ici !,"L'offre complète est ici : http://lien-un.xyz, http://lien-deux.info et http://lien-trois.top. C'est votre semaine de chance !",,,spam
promo66@rabais-multiples.info,Rabais Multiples,"Trois sites, trois rabais !","Trois sites, trois rabais : http://rabais-un.info, http://rabais-deux.top et http://rabais-trois.xyz. Visitez-les avant la fin de la semaine !

Référence : 2026-636-9564",,,spam
info96@magasin-officiel.info,Magasin Officiel,Retrouvez-nous partout !,"Retrouvez-nous partout : https://bit.ly/offre1, https://tinyurl.com/offre2 et http://magasin-officiel.info. Bon magasinage !

Référence : 2026-712-1857",,,spam
vente46@prix-choc.info,Prix Choc,Comparez nos prix !,"Comparez nos prix : http://prix-bas.xyz, http://prix-fous.top et http://prix-choc.info. Le meilleur prix est chez nous !

Référence : 2026-358-3463",,,spam
pages49@pages-promo.tk,Pages Promo,Quatre pages à visiter !,"Nos pages à visiter : http://page1-promo.tk, http://page2-promo.info, http://page3-promo.xyz et http://page4-promo.top. Quatre chances de rabais !

Référence : 2026-672-7171",,,spam
offre75@lien-trois.top,Lien Trois,L'offre complète est ici !,"L'offre complète est ici : http://lien-un.xyz, http://lien-deux.info et http://lien-trois.top. C'est votre semaine de chance !

Référence : 2026-470-1298",,,spam
promo88@rabais-multiples.info,Rabais Multiples,"Trois sites, trois rabais !","Trois sites, trois rabais : http://rabais-un.info, http://rabais-deux.top et http://rabais-trois.xyz. Visitez-les avant la fin de la semaine !

Référence : 2026-262-6962",,,spam
info90@magasin-officiel.info,Magasin Officiel,Retrouvez-nous partout !,"Retrouvez-nous partout : https://bit.ly/offre1, https://tinyurl.com/offre2 et http://magasin-officiel.info. Bon magasinage !

Référence : 2026-762-6482",,,spam
vente52@prix-choc.info,Prix Choc,Comparez nos prix !,"Comparez nos prix : http://prix-bas.xyz, http://prix-fous.top et http://prix-choc.info. Le meilleur prix est chez nous !

Référence : 2026-183-3317",,,spam
pages92@pages-promo.tk,Pages Promo,Quatre pages à visiter !,"Nos pages à visiter : http://page1-promo.tk, http://page2-promo.info, http://page3-promo.xyz et http://page4-promo.top. Quatre chances de rabais !

Référence : 2026-910-6381",,,spam
offre56@lien-trois.top,Lien Trois,L'offre complète est ici !,"L'offre complète est ici : http://lien-un.xyz, http://lien-deux.info et http://lien-trois.top. C'est votre semaine de chance !

Référence : 2026-416-3953",,,spam
promo57@rabais-multiples.info,Rabais Multiples,"Trois sites, trois rabais !","Trois sites, trois rabais : http://rabais-un.info, http://rabais-deux.top et http://rabais-trois.xyz. Visitez-les avant la fin de la semaine !

Référence : 2026-389-7347",,,spam
info18@magasin-officiel.info,Magasin Officiel,Retrouvez-nous partout !,"Retrouvez-nous partout : https://bit.ly/offre1, https://tinyurl.com/offre2 et http://magasin-officiel.info. Bon magasinage !

Référence : 2026-437-2548",,,spam
vente54@prix-choc.info,Prix Choc,Comparez nos prix !,"Comparez nos prix : http://prix-bas.xyz, http://prix-fous.top et http://prix-choc.info. Le meilleur prix est chez nous !

Référence : 2026-417-7421",,,spam
pages26@pages-promo.tk,Pages Promo,Quatre pages à visiter !,"Nos pages à visiter : http://page1-promo.tk, http://page2-promo.info, http://page3-promo.xyz et http://page4-promo.top. Quatre chances de rabais !

Référence : 2026-786-9624",,,spam
offre37@lien-trois.top,Lien Trois,L'offre complète est ici !,"L'offre complète est ici : http://lien-un.xyz, http://lien-deux.info et http://lien-trois.top. C'est votre semaine de chance !

Référence : 2026-449-8967",,,spam
promo62@rabais-multiples.info,Rabais Multiples,"Trois sites, trois rabais !","Trois sites, trois rabais : http://rabais-un.info, http://rabais-deux.top et http://rabais-trois.xyz. Visitez-les avant la fin de la semaine !

Référence : 2026-893-6543",,,spam
info81@magasin-officiel.info,Magasin Officiel,Retrouvez-nous partout !,"Retrouvez-nous partout : https://bit.ly/offre1, https://tinyurl.com/offre2 et http://magasin-officiel.info. Bon magasinage !

Référence : 2026-794-7333",,,spam
vente26@prix-choc.info,Prix Choc,Comparez nos prix !,"Comparez nos prix : http://prix-bas.xyz, http://prix-fous.top et http://prix-choc.info. Le meilleur prix est chez nous !

Référence : 2026-709-2388",,,spam
pages21@pages-promo.tk,Pages Promo,Quatre pages à visiter !,"Nos pages à visiter : http://page1-promo.tk, http://page2-promo.info, http://page3-promo.xyz et http://page4-promo.top. Quatre chances de rabais !

Référence : 2026-761-7937",,,spam
offre34@lien-trois.top,Lien Trois,L'offre complète est ici !,"L'offre complète est ici : http://lien-un.xyz, http://lien-deux.info et http://lien-trois.top. C'est votre semaine de chance !

Référence : 2026-331-3253",,,spam
money@free-money.top,Free Money,FREE MONEY NOW — CLICK HERE,"FREE MONEY NOW — CLICK HERE to claim your PRIZE !

http://free-money.top",,,spam
gift@win-gift.info,Win Gift,WIN a FREE GIFT — LIMITED TIME,"WIN a FREE GIFT — LIMITED TIME, CLICK NOW !!!

http://win-gift.info",,,spam
store@exclusive-offer.xyz,Exclusive Offer,EXCLUSIVE OFFER — 70 % DISCOUNT,"EXCLUSIVE OFFER — 70 % DISCOUNT on all items, BUY NOW !

http://exclusive-offer.xyz",,,spam
ship@free-shipping.top,Free Shipping,HURRY ! Only 24 hours left !,"HURRY ! Only 24 hours left ! FREE shipping on everything !

http://free-shipping.top",,,spam
deal@amazing-deal.info,Amazing Deal,AMAZING DEAL ! Get 3 for the price of 1 !,"AMAZING DEAL ! Get 3 for the price of 1 ! Order today !

http://amazing-deal.info",,,spam
stock@limited-stock.tk,Limited Stock,DON'T WAIT ! LIMITED STOCK !,"DON'T WAIT ! LIMITED STOCK ! Special price for you !

http://limited-stock.tk",,,spam
money29@free-money.top,Free Money,FREE MONEY NOW — CLICK HERE,"FREE MONEY NOW — CLICK HERE to claim your PRIZE !

http://free-money.top

Référence : 2026-179-5846",,,spam
gift29@win-gift.info,Win Gift,WIN a FREE GIFT — LIMITED TIME,"WIN a FREE GIFT — LIMITED TIME, CLICK NOW !!!

http://win-gift.info

Référence : 2026-266-3962",,,spam
store66@exclusive-offer.xyz,Exclusive Offer,EXCLUSIVE OFFER — 70 % DISCOUNT,"EXCLUSIVE OFFER — 70 % DISCOUNT on all items, BUY NOW !

http://exclusive-offer.xyz

Référence : 2026-725-5668",,,spam
ship69@free-shipping.top,Free Shipping,HURRY ! Only 24 hours left !,"HURRY ! Only 24 hours left ! FREE shipping on everything !

http://free-shipping.top

Référence : 2026-887-5616",,,spam
deal16@amazing-deal.info,Amazing Deal,AMAZING DEAL ! Get 3 for the price of 1 !,"AMAZING DEAL ! Get 3 for the price of 1 ! Order today !

http://amazing-deal.info

Référence : 2026-756-8873",,,spam
stock44@limited-stock.tk,Limited Stock,DON'T WAIT ! LIMITED STOCK !,"DON'T WAIT ! LIMITED STOCK ! Special price for you !

http://limited-stock.tk

Référence : 2026-560-9410",,,spam
money22@free-money.top,Free Money,FREE MONEY NOW — CLICK HERE,"FREE MONEY NOW — CLICK HERE to claim your PRIZE !

http://free-money.top

Référence : 2026-619-9843",,,spam
gift98@win-gift.info,Win Gift,WIN a FREE GIFT — LIMITED TIME,"WIN a FREE GIFT — LIMITED TIME, CLICK NOW !!!

http://win-gift.info

Référence : 2026-889-3712",,,spam
store67@exclusive-offer.xyz,Exclusive Offer,EXCLUSIVE OFFER — 70 % DISCOUNT,"EXCLUSIVE OFFER — 70 % DISCOUNT on all items, BUY NOW !

http://exclusive-offer.xyz

Référence : 2026-339-9749",,,spam
ship58@free-shipping.top,Free Shipping,HURRY ! Only 24 hours left !,"HURRY ! Only 24 hours left ! FREE shipping on everything !

http://free-shipping.top

Référence : 2026-614-9641",,,spam
deal57@amazing-deal.info,Amazing Deal,AMAZING DEAL ! Get 3 for the price of 1 !,"AMAZING DEAL ! Get 3 for the price of 1 ! Order today !

http://amazing-deal.info

Référence : 2026-667-2680",,,spam
stock28@limited-stock.tk,Limited Stock,DON'T WAIT ! LIMITED STOCK !,"DON'T WAIT ! LIMITED STOCK ! Special price for you !

http://limited-stock.tk

Référence : 2026-950-8167",,,spam
money77@free-money.top,Free Money,FREE MONEY NOW — CLICK HERE,"FREE MONEY NOW — CLICK HERE to claim your PRIZE !

http://free-money.top

Référence : 2026-138-6517",,,spam
gift66@win-gift.info,Win Gift,WIN a FREE GIFT — LIMITED TIME,"WIN a FREE GIFT — LIMITED TIME, CLICK NOW !!!

http://win-gift.info

Référence : 2026-144-7731",,,spam
store40@exclusive-offer.xyz,Exclusive Offer,EXCLUSIVE OFFER — 70 % DISCOUNT,"EXCLUSIVE OFFER — 70 % DISCOUNT on all items, BUY NOW !

http://exclusive-offer.xyz

Référence : 2026-416-8684",,,spam
ship63@free-shipping.top,Free Shipping,HURRY ! Only 24 hours left !,"HURRY ! Only 24 hours left ! FREE shipping on everything !

http://free-shipping.top

Référence : 2026-265-4271",,,spam
deal76@amazing-deal.info,Amazing Deal,AMAZING DEAL ! Get 3 for the price of 1 !,"AMAZING DEAL ! Get 3 for the price of 1 ! Order today !

http://amazing-deal.info

Référence : 2026-971-3042",,,spam
stock21@limited-stock.tk,Limited Stock,DON'T WAIT ! LIMITED STOCK !,"DON'T WAIT ! LIMITED STOCK ! Special price for you !

http://limited-stock.tk

Référence : 2026-327-8391",,,spam
money89@free-money.top,Free Money,FREE MONEY NOW — CLICK HERE,"FREE MONEY NOW — CLICK HERE to claim your PRIZE !

http://free-money.top

Référence : 2026-234-7172",,,spam
gift56@win-gift.info,Win Gift,WIN a FREE GIFT — LIMITED TIME,"WIN a FREE GIFT — LIMITED TIME, CLICK NOW !!!

http://win-gift.info

Référence : 2026-792-4891",,,spam
store34@exclusive-offer.xyz,Exclusive Offer,EXCLUSIVE OFFER — 70 % DISCOUNT,"EXCLUSIVE OFFER — 70 % DISCOUNT on all items, BUY NOW !

http://exclusive-offer.xyz

Référence : 2026-476-8218",,,spam
ship87@free-shipping.top,Free Shipping,HURRY ! Only 24 hours left !,"HURRY ! Only 24 hours left ! FREE shipping on everything !

http://free-shipping.top

Référence : 2026-241-5096",,,spam
deal46@amazing-deal.info,Amazing Deal,AMAZING DEAL ! Get 3 for the price of 1 !,"AMAZING DEAL ! Get 3 for the price of 1 ! Order today !

http://amazing-deal.info

Référence : 2026-185-3626",,,spam
stock54@limited-stock.tk,Limited Stock,DON'T WAIT ! LIMITED STOCK !,"DON'T WAIT ! LIMITED STOCK ! Special price for you !

http://limited-stock.tk

Référence : 2026-127-7797",,,spam
cours@anglais-rapide.top,Anglais Rapide,Apprenez l'anglais en 15 jours !,"Apprenez l'anglais en 15 jours, garanti, sans effort ! Appelez maintenant au 1-800-555-0199.

http://anglais-rapide.top",,,spam
forfait@forfait-super.xyz,Forfait Super,4 fois plus de données pour le même prix !,"Votre nouveau forfait téléphonique : 4 fois plus de données pour le même prix ! Offre valable cette semaine.

http://forfait-super.xyz",,,spam
musique@musique-1dollar.info,Musique à 1 $,Votre musique préférée pour 1 $ par mois !,"Écoutez votre musique préférée pour 1 $ par mois pendant 3 mois ! Nouveaux membres seulement.

http://musique-1dollar.info",,,spam
emploi@emploi-simple.top,Emploi Simple,Emploi d'été : gagnez 20 $ de l'heure !,"Emploi d'été : gagnez 20 $ de l'heure à la maison ! Aucune expérience requise. Inscrivez-vous vite.

http://emploi-simple.top",,,spam
affaires@bonbons-riches.xyz,Bonbons Riches,Devenez riche en vendant des bonbons !,"Devenez riche en vendant des bonbons ! Notre programme vous montre comment. Commencez aujourd'hui.

http://bonbons-riches.xyz",,,spam
appli@marche-payante.info,Marche Payante,La nouvelle application qui vous paie pour marcher !,"La nouvelle application qui vous paie pour marcher ! Téléchargez-la gratuitement.

http://marche-payante.info",,,spam
diplome@diplome-express.tk,Diplôme Express,"Obtenez votre diplôme en 15 jours, sans examen !","Obtenez votre diplôme en 15 jours, sans examen ! Appelez maintenant.

http://diplome-express.tk",,,spam
cours16@anglais-rapide.top,Anglais Rapide,Apprenez l'anglais en 15 jours !,"Apprenez l'anglais en 15 jours, garanti, sans effort ! Appelez maintenant au 1-800-555-0199.

http://anglais-rapide.top

Référence : 2026-505-9224",,,spam
forfait93@forfait-super.xyz,Forfait Super,4 fois plus de données pour le même prix !,"Votre nouveau forfait téléphonique : 4 fois plus de données pour le même prix ! Offre valable cette semaine.

http://forfait-super.xyz

Référence : 2026-443-3392",,,spam
musique20@musique-1dollar.info,Musique à 1 $,Votre musique préférée pour 1 $ par mois !,"Écoutez votre musique préférée pour 1 $ par mois pendant 3 mois ! Nouveaux membres seulement.

http://musique-1dollar.info

Référence : 2026-119-5193",,,spam
emploi40@emploi-simple.top,Emploi Simple,Emploi d'été : gagnez 20 $ de l'heure !,"Emploi d'été : gagnez 20 $ de l'heure à la maison ! Aucune expérience requise. Inscrivez-vous vite.

http://emploi-simple.top

Référence : 2026-408-2996",,,spam
affaires86@bonbons-riches.xyz,Bonbons Riches,Devenez riche en vendant des bonbons !,"Devenez riche en vendant des bonbons ! Notre programme vous montre comment. Commencez aujourd'hui.

http://bonbons-riches.xyz

Référence : 2026-648-1269",,,spam
appli40@marche-payante.info,Marche Payante,La nouvelle application qui vous paie pour marcher !,"La nouvelle application qui vous paie pour marcher ! Téléchargez-la gratuitement.

http://marche-payante.info

Référence : 2026-684-7825",,,spam
diplome74@diplome-express.tk,Diplôme Express,"Obtenez votre diplôme en 15 jours, sans examen !","Obtenez votre diplôme en 15 jours, sans examen ! Appelez maintenant.

http://diplome-express.tk

Référence : 2026-667-1333",,,spam
cours57@anglais-rapide.top,Anglais Rapide,Apprenez l'anglais en 15 jours !,"Apprenez l'anglais en 15 jours, garanti, sans effort ! Appelez maintenant au 1-800-555-0199.

http://anglais-rapide.top

Référence : 2026-341-7326",,,spam
forfait27@forfait-super.xyz,Forfait Super,4 fois plus de données pour le même prix !,"Votre nouveau forfait téléphonique : 4 fois plus de données pour le même prix ! Offre valable cette semaine.

http://forfait-super.xyz

Référence : 2026-139-5700",,,spam
musique37@musique-1dollar.info,Musique à 1 $,Votre musique préférée pour 1 $ par mois !,"Écoutez votre musique préférée pour 1 $ par mois pendant 3 mois ! Nouveaux membres seulement.

http://musique-1dollar.info

Référence : 2026-955-3449",,,spam
emploi16@emploi-simple.top,Emploi Simple,Emploi d'été : gagnez 20 $ de l'heure !,"Emploi d'été : gagnez 20 $ de l'heure à la maison ! Aucune expérience requise. Inscrivez-vous vite.

http://emploi-simple.top

Référence : 2026-344-7878",,,spam
affaires90@bonbons-riches.xyz,Bonbons Riches,Devenez riche en vendant des bonbons !,"Devenez riche en vendant des bonbons ! Notre programme vous montre comment. Commencez aujourd'hui.

http://bonbons-riches.xyz

Référence : 2026-627-4963",,,spam
appli33@marche-payante.info,Marche Payante,La nouvelle application qui vous paie pour marcher !,"La nouvelle application qui vous paie pour marcher ! Téléchargez-la gratuitement.

http://marche-payante.info

Référence : 2026-780-2402",,,spam
diplome59@diplome-express.tk,Diplôme Express,"Obtenez votre diplôme en 15 jours, sans examen !","Obtenez votre diplôme en 15 jours, sans examen ! Appelez maintenant.

http://diplome-express.tk

Référence : 2026-994-8702",,,spam
cours20@anglais-rapide.top,Anglais Rapide,Apprenez l'anglais en 15 jours !,"Apprenez l'anglais en 15 jours, garanti, sans effort ! Appelez maintenant au 1-800-555-0199.

http://anglais-rapide.top

Référence : 2026-483-4678",,,spam
forfait70@forfait-super.xyz,Forfait Super,4 fois plus de données pour le même prix !,"Votre nouveau forfait téléphonique : 4 fois plus de données pour le même prix ! Offre valable cette semaine.

http://forfait-super.xyz

Référence : 2026-812-3273",,,spam
musique80@musique-1dollar.info,Musique à 1 $,Votre musique préférée pour 1 $ par mois !,"Écoutez votre musique préférée pour 1 $ par mois pendant 3 mois ! Nouveaux membres seulement.

http://musique-1dollar.info

Référence : 2026-844-9647",,,spam
emploi91@emploi-simple.top,Emploi Simple,Emploi d'été : gagnez 20 $ de l'heure !,"Emploi d'été : gagnez 20 $ de l'heure à la maison ! Aucune expérience requise. Inscrivez-vous vite.

http://emploi-simple.top

Référence : 2026-912-8489",,,spam
affaires28@bonbons-riches.xyz,Bonbons Riches,Devenez riche en vendant des bonbons !,"Devenez riche en vendant des bonbons ! Notre programme vous montre comment. Commencez aujourd'hui.

http://bonbons-riches.xyz

Référence : 2026-398-8032",,,spam
appli77@marche-payante.info,Marche Payante,La nouvelle application qui vous paie pour marcher !,"La nouvelle application qui vous paie pour marcher ! Téléchargez-la gratuitement.

http://marche-payante.info

Référence : 2026-469-2108",,,spam
diplome15@diplome-express.tk,Diplôme Express,"Obtenez votre diplôme en 15 jours, sans examen !","Obtenez votre diplôme en 15 jours, sans examen ! Appelez maintenant.

http://diplome-express.tk

Référence : 2026-750-7338",,,spam
cours13@anglais-rapide.top,Anglais Rapide,Apprenez l'anglais en 15 jours !,"Apprenez l'anglais en 15 jours, garanti, sans effort ! Appelez maintenant au 1-800-555-0199.

http://anglais-rapide.top

Référence : 2026-426-2623",,,spam
forfait70@forfait-super.xyz,Forfait Super,4 fois plus de données pour le même prix !,"Votre nouveau forfait téléphonique : 4 fois plus de données pour le même prix ! Offre valable cette semaine.

http://forfait-super.xyz

Référence : 2026-559-1086",,,spam
musique64@musique-1dollar.info,Musique à 1 $,Votre musique préférée pour 1 $ par mois !,"Écoutez votre musique préférée pour 1 $ par mois pendant 3 mois ! Nouveaux membres seulement.

http://musique-1dollar.info

Référence : 2026-213-5720",,,spam
emploi18@emploi-simple.top,Emploi Simple,Emploi d'été : gagnez 20 $ de l'heure !,"Emploi d'été : gagnez 20 $ de l'heure à la maison ! Aucune expérience requise. Inscrivez-vous vite.

http://emploi-simple.top

Référence : 2026-213-9189",,,spam
affaires10@bonbons-riches.xyz,Bonbons Riches,Devenez riche en vendant des bonbons !,"Devenez riche en vendant des bonbons ! Notre programme vous montre comment. Commencez aujourd'hui.

http://bonbons-riches.xyz

Référence : 2026-729-6780",,,spam
appli77@marche-payante.info,Marche Payante,La nouvelle application qui vous paie pour marcher !,"La nouvelle application qui vous paie pour marcher ! Téléchargez-la gratuitement.

http://marche-payante.info

Référence : 2026-657-9312",,,spam
diplome57@diplome-express.tk,Diplôme Express,"Obtenez votre diplôme en 15 jours, sans examen !","Obtenez votre diplôme en 15 jours, sans examen ! Appelez maintenant.

http://diplome-express.tk

Référence : 2026-359-1266",,,spam
securite@desjardins-verification.info,Service Desjardins,Votre compte a été bloqué,"Bonjour, votre compte Desjardins a été bloqué suite à une activité inhabituelle. Vérifiez votre identité dès maintenant : http://desjardins-verification.info

Service Desjardins",,,phishing
info@netflix-billing.tk,Netflix,Problème de paiement,"Nous avons détecté une tentative de connexion suspecte sur votre compte Netflix. Confirmez vos informations de paiement : http://netflix-billing.tk/update.php

Netflix",,,phishing
support@amazon-security-login.com,Amazon Support,Votre compte Amazon a été suspendu,"Votre compte Amazon a été suspendu. Pour le réactiver, connectez-vous sur http://amazon-security-login.com

Amazon Support",,,phishing
livraison@postes-canada-suivi.info,Postes Canada,Un colis vous attend,"Un colis vous attend. Veuillez confirmer votre adresse pour la livraison : http://postes-canada-suivi.info

Postes Canada",,,phishing
remboursement@revenu-quebec-remboursement.top,Revenu Québec,Vous avez droit à un remboursement,"Vous avez droit à un remboursement de 128 $. Cliquez pour le recevoir : http://revenu-quebec-remboursement.top

Revenu Québec",,,phishing
verification@microsoft-account-verify.net,Microsoft 365,Vérification de votre identifiant,"Votre identifiant Microsoft doit être vérifié avant 48 heures : http://microsoft-account-verify.net

Microsoft 365",,,phishing
support@apple-id-verify.tk,Apple Support,Problème de paiement sur votre compte,"Problème de paiement sur votre compte Apple. Régularisez-le ici : http://apple-id-verify.tk

Apple Support",,,phishing
service@paypal-verification.info,PayPal,Votre compte PayPal est limité,"Votre compte PayPal est limité. Retirez la limite en confirmant vos informations : http://paypal-verification.info

PayPal",,,phishing
factures@hydro-quebec-facture.info,Hydro-Québec,Votre facture est impayée,"Votre facture Hydro-Québec est impayée. Évitez la coupure en payant ici : http://hydro-quebec-facture.info

Hydro-Québec",,,phishing
alerte@steam-verification.tk,Steam Support,Alerte de sécurité sur votre compte,"Alerte de sécurité sur votre compte Steam. Vérifiez votre session : http://steam-verification.tk

Steam Support",,,phishing
securite55@desjardins-verification.info,Service Desjardins,Votre compte a été bloqué,"Bonjour, votre compte Desjardins a été bloqué suite à une activité inhabituelle. Vérifiez votre identité dès maintenant : http://desjardins-verification.info

Service Desjardins

Référence : 2026-907-2106",,,phishing
info97@netflix-billing.tk,Netflix,Problème de paiement,"Nous avons détecté une tentative de connexion suspecte sur votre compte Netflix. Confirmez vos informations de paiement : http://netflix-billing.tk/update.php

Netflix

Référence : 2026-575-8840",,,phishing
support15@amazon-security-login.com,Amazon Support,Votre compte Amazon a été suspendu,"Votre compte Amazon a été suspendu. Pour le réactiver, connectez-vous sur http://amazon-security-login.com

Amazon Support

Référence : 2026-423-6080",,,phishing
livraison93@postes-canada-suivi.info,Postes Canada,Un colis vous attend,"Un colis vous attend. Veuillez confirmer votre adresse pour la livraison : http://postes-canada-suivi.info

Postes Canada

Référence : 2026-439-5476",,,phishing
remboursement57@revenu-quebec-remboursement.top,Revenu Québec,Vous avez droit à un remboursement,"Vous avez droit à un remboursement de 128 $. Cliquez pour le recevoir : http://revenu-quebec-remboursement.top

Revenu Québec

Référence : 2026-916-9507",,,phishing
verification23@microsoft-account-verify.net,Microsoft 365,Vérification de votre identifiant,"Votre identifiant Microsoft doit être vérifié avant 48 heures : http://microsoft-account-verify.net

Microsoft 365

Référence : 2026-181-6372",,,phishing
support55@apple-id-verify.tk,Apple Support,Problème de paiement sur votre compte,"Problème de paiement sur votre compte Apple. Régularisez-le ici : http://apple-id-verify.tk

Apple Support

Référence : 2026-729-8126",,,phishing
service14@paypal-verification.info,PayPal,Votre compte PayPal est limité,"Votre compte PayPal est limité. Retirez la limite en confirmant vos informations : http://paypal-verification.info

PayPal

Référence : 2026-229-2101",,,phishing
factures19@hydro-quebec-facture.info,Hydro-Québec,Votre facture est impayée,"Votre facture Hydro-Québec est impayée. Évitez la coupure en payant ici : http://hydro-quebec-facture.info

Hydro-Québec

Référence : 2026-687-3255",,,phishing
alerte59@steam-verification.tk,Steam Support,Alerte de sécurité sur votre compte,"Alerte de sécurité sur votre compte Steam. Vérifiez votre session : http://steam-verification.tk

Steam Support

Référence : 2026-675-2929",,,phishing
securite54@desjardins-verification.info,Service Desjardins,Votre compte a été bloqué,"Bonjour, votre compte Desjardins a été bloqué suite à une activité inhabituelle. Vérifiez votre identité dès maintenant : http://desjardins-verification.info

Service Desjardins

Référence : 2026-346-2698",,,phishing
info90@netflix-billing.tk,Netflix,Problème de paiement,"Nous avons détecté une tentative de connexion suspecte sur votre compte Netflix. Confirmez vos informations de paiement : http://netflix-billing.tk/update.php

Netflix

Référence : 2026-286-3209",,,phishing
support75@amazon-security-login.com,Amazon Support,Votre compte Amazon a été suspendu,"Votre compte Amazon a été suspendu. Pour le réactiver, connectez-vous sur http://amazon-security-login.com

Amazon Support

Référence : 2026-507-9897",,,phishing
livraison25@postes-canada-suivi.info,Postes Canada,Un colis vous attend,"Un colis vous attend. Veuillez confirmer votre adresse pour la livraison : http://postes-canada-suivi.info

Postes Canada

Référence : 2026-918-7029",,,phishing
remboursement44@revenu-quebec-remboursement.top,Revenu Québec,Vous avez droit à un remboursement,"Vous avez droit à un remboursement de 128 $. Cliquez pour le recevoir : http://revenu-quebec-remboursement.top

Revenu Québec

Référence : 2026-920-2353",,,phishing
verification94@microsoft-account-verify.net,Microsoft 365,Vérification de votre identifiant,"Votre identifiant Microsoft doit être vérifié avant 48 heures : http://microsoft-account-verify.net

Microsoft 365

Référence : 2026-402-6021",,,phishing
support45@apple-id-verify.tk,Apple Support,Problème de paiement sur votre compte,"Problème de paiement sur votre compte Apple. Régularisez-le ici : http://apple-id-verify.tk

Apple Support

Référence : 2026-754-1939",,,phishing
service40@paypal-verification.info,PayPal,Votre compte PayPal est limité,"Votre compte PayPal est limité. Retirez la limite en confirmant vos informations : http://paypal-verification.info

PayPal

Référence : 2026-897-7001",,,phishing
factures77@hydro-quebec-facture.info,Hydro-Québec,Votre facture est impayée,"Votre facture Hydro-Québec est impayée. Évitez la coupure en payant ici : http://hydro-quebec-facture.info

Hydro-Québec

Référence : 2026-475-7521",,,phishing
alerte43@steam-verification.tk,Steam Support,Alerte de sécurité sur votre compte,"Alerte de sécurité sur votre compte Steam. Vérifiez votre session : http://steam-verification.tk

Steam Support

Référence : 2026-893-5264",,,phishing
securite84@desjardins-verification.info,Service Desjardins,Votre compte a été bloqué,"Bonjour, votre compte Desjardins a été bloqué suite à une activité inhabituelle. Vérifiez votre identité dès maintenant : http://desjardins-verification.info

Service Desjardins

Référence : 2026-852-6447",,,phishing
info18@netflix-billing.tk,Netflix,Problème de paiement,"Nous avons détecté une tentative de connexion suspecte sur votre compte Netflix. Confirmez vos informations de paiement : http://netflix-billing.tk/update.php

Netflix

Référence : 2026-833-8498",,,phishing
support70@amazon-security-login.com,Amazon Support,Votre compte Amazon a été suspendu,"Votre compte Amazon a été suspendu. Pour le réactiver, connectez-vous sur http://amazon-security-login.com

Amazon Support

Référence : 2026-359-1599",,,phishing
livraison65@postes-canada-suivi.info,Postes Canada,Un colis vous attend,"Un colis vous attend. Veuillez confirmer votre adresse pour la livraison : http://postes-canada-suivi.info

Postes Canada

Référence : 2026-509-8204",,,phishing
remboursement64@revenu-quebec-remboursement.top,Revenu Québec,Vous avez droit à un remboursement,"Vous avez droit à un remboursement de 128 $. Cliquez pour le recevoir : http://revenu-quebec-remboursement.top

Revenu Québec

Référence : 2026-180-8055",,,phishing
verification67@microsoft-account-verify.net,Microsoft 365,Vérification de votre identifiant,"Votre identifiant Microsoft doit être vérifié avant 48 heures : http://microsoft-account-verify.net

Microsoft 365

Référence : 2026-717-7981",,,phishing
support19@apple-id-verify.tk,Apple Support,Problème de paiement sur votre compte,"Problème de paiement sur votre compte Apple. Régularisez-le ici : http://apple-id-verify.tk

Apple Support

Référence : 2026-787-7655",,,phishing
service56@paypal-verification.info,PayPal,Votre compte PayPal est limité,"Votre compte PayPal est limité. Retirez la limite en confirmant vos informations : http://paypal-verification.info

PayPal

Référence : 2026-492-1530",,,phishing
factures50@hydro-quebec-facture.info,Hydro-Québec,Votre facture est impayée,"Votre facture Hydro-Québec est impayée. Évitez la coupure en payant ici : http://hydro-quebec-facture.info

Hydro-Québec

Référence : 2026-765-5566",,,phishing
alerte67@steam-verification.tk,Steam Support,Alerte de sécurité sur votre compte,"Alerte de sécurité sur votre compte Steam. Vérifiez votre session : http://steam-verification.tk

Steam Support

Référence : 2026-319-5678",,,phishing
securite27@desjardins-verification.info,Service Desjardins,Votre compte a été bloqué,"Bonjour, votre compte Desjardins a été bloqué suite à une activité inhabituelle. Vérifiez votre identité dès maintenant : http://desjardins-verification.info

Service Desjardins

Référence : 2026-145-6772",,,phishing
info14@netflix-billing.tk,Netflix,Problème de paiement,"Nous avons détecté une tentative de connexion suspecte sur votre compte Netflix. Confirmez vos informations de paiement : http://netflix-billing.tk/update.php

Netflix

Référence : 2026-400-4302",,,phishing
support92@amazon-security-login.com,Amazon Support,Votre compte Amazon a été suspendu,"Votre compte Amazon a été suspendu. Pour le réactiver, connectez-vous sur http://amazon-security-login.com

Amazon Support

Référence : 2026-295-5687",,,phishing
livraison59@postes-canada-suivi.info,Postes Canada,Un colis vous attend,"Un colis vous attend. Veuillez confirmer votre adresse pour la livraison : http://postes-canada-suivi.info

Postes Canada

Référence : 2026-447-4060",,,phishing
remboursement87@revenu-quebec-remboursement.top,Revenu Québec,Vous avez droit à un remboursement,"Vous avez droit à un remboursement de 128 $. Cliquez pour le recevoir : http://revenu-quebec-remboursement.top

Revenu Québec

Référence : 2026-942-3956",,,phishing
verification31@microsoft-account-verify.net,Microsoft 365,Vérification de votre identifiant,"Votre identifiant Microsoft doit être vérifié avant 48 heures : http://microsoft-account-verify.net

Microsoft 365

Référence : 2026-806-8272",,,phishing
support56@apple-id-verify.tk,Apple Support,Problème de paiement sur votre compte,"Problème de paiement sur votre compte Apple. Régularisez-le ici : http://apple-id-verify.tk

Apple Support

Référence : 2026-625-3621",,,phishing
service87@paypal-verification.info,PayPal,Votre compte PayPal est limité,"Votre compte PayPal est limité. Retirez la limite en confirmant vos informations : http://paypal-verification.info

PayPal

Référence : 2026-257-8371",,,phishing
factures41@hydro-quebec-facture.info,Hydro-Québec,Votre facture est impayée,"Votre facture Hydro-Québec est impayée. Évitez la coupure en payant ici : http://hydro-quebec-facture.info

Hydro-Québec

Référence : 2026-216-1424",,,phishing
alerte98@steam-verification.tk,Steam Support,Alerte de sécurité sur votre compte,"Alerte de sécurité sur votre compte Steam. Vérifiez votre session : http://steam-verification.tk

Steam Support

Référence : 2026-602-4279",,,phishing
securite79@desjardins-verification.info,Service Desjardins,Votre compte a été bloqué,"Bonjour, votre compte Desjardins a été bloqué suite à une activité inhabituelle. Vérifiez votre identité dès maintenant : http://desjardins-verification.info

Service Desjardins

Référence : 2026-446-3868",,,phishing
info15@netflix-billing.tk,Netflix,Problème de paiement,"Nous avons détecté une tentative de connexion suspecte sur votre compte Netflix. Confirmez vos informations de paiement : http://netflix-billing.tk/update.php

Netflix

Référence : 2026-910-4268",,,phishing
support55@amazon-security-login.com,Amazon Support,Votre compte Amazon a été suspendu,"Votre compte Amazon a été suspendu. Pour le réactiver, connectez-vous sur http://amazon-security-login.com

Amazon Support

Référence : 2026-982-1783",,,phishing
livraison73@postes-canada-suivi.info,Postes Canada,Un colis vous attend,"Un colis vous attend. Veuillez confirmer votre adresse pour la livraison : http://postes-canada-suivi.info

Postes Canada

Référence : 2026-808-9151",,,phishing
remboursement79@revenu-quebec-remboursement.top,Revenu Québec,Vous avez droit à un remboursement,"Vous avez droit à un remboursement de 128 $. Cliquez pour le recevoir : http://revenu-quebec-remboursement.top

Revenu Québec

Référence : 2026-400-6262",,,phishing
verification54@microsoft-account-verify.net,Microsoft 365,Vérification de votre identifiant,"Votre identifiant Microsoft doit être vérifié avant 48 heures : http://microsoft-account-verify.net

Microsoft 365

Référence : 2026-557-1693",,,phishing
support13@apple-id-verify.tk,Apple Support,Problème de paiement sur votre compte,"Problème de paiement sur votre compte Apple. Régularisez-le ici : http://apple-id-verify.tk

Apple Support

Référence : 2026-246-8179",,,phishing
service57@paypal-verification.info,PayPal,Votre compte PayPal est limité,"Votre compte PayPal est limité. Retirez la limite en confirmant vos informations : http://paypal-verification.info

PayPal

Référence : 2026-480-8273",,,phishing
factures33@hydro-quebec-facture.info,Hydro-Québec,Votre facture est impayée,"Votre facture Hydro-Québec est impayée. Évitez la coupure en payant ici : http://hydro-quebec-facture.info

Hydro-Québec

Référence : 2026-611-9482",,,phishing
alerte25@steam-verification.tk,Steam Support,Alerte de sécurité sur votre compte,"Alerte de sécurité sur votre compte Steam. Vérifiez votre session : http://steam-verification.tk

Steam Support

Référence : 2026-238-2213",,,phishing
noreply@amaz0n.com,Amazon,Mise à jour de vos informations,"Bonjour, veuillez mettre à jour vos informations de connexion sur amaz0n.com pour éviter la suspension de votre compte.

Amazon",,,phishing
support@rnicrosoft.com,Microsoft Support,Connexion depuis un nouvel appareil,"Nous avons remarqué une connexion depuis un nouvel appareil. Confirmez-la sur rnicrosoft.com.

Microsoft Support",,,phishing
service@paypa1.com,PayPal,Votre session a expiré,"Votre session paypa1.com a expiré. Connectez-vous pour continuer vos achats.

PayPal",,,phishing
equipe@micr0soft.com,Équipe Microsoft,Confirmation de votre courriel,"Confirmez votre courriel sur micr0soft.com pour garder l'accès à votre boîte.

Équipe Microsoft",,,phishing
info@netf1ix.com,Netflix,Renouvellement de votre abonnement,"Votre abonnement se renouvelle automatiquement. Gérez-le sur netf1ix.com.

Netflix",,,phishing
accesd@desjard1ns.com,Service Desjardins,Frais inhabituels détectés,"Des frais inhabituels ont été détectés. Vérifiez vos relevés sur accesd.desjard1ns.com.

Service Desjardins",,,phishing
securite@st3am.com,Steam,Votre compte de jeu est à risque,"Votre compte de jeu est à risque. Protégez-le sur st3am.com.

Steam",,,phishing
alertes@app1e.com,Apple,Achat non reconnu,"Un achat de 49,99 $ a été effectué. Ce n'est pas vous ? Signalez-le sur app1e.com.

Apple",,,phishing
noreply67@amaz0n.com,Amazon,Mise à jour de vos informations,"Bonjour, veuillez mettre à jour vos informations de connexion sur amaz0n.com pour éviter la suspension de votre compte.

Amazon

Référence : 2026-276-8292",,,phishing
support48@rnicrosoft.com,Microsoft Support,Connexion depuis un nouvel appareil,"Nous avons remarqué une connexion depuis un nouvel appareil. Confirmez-la sur rnicrosoft.com.

Microsoft Support

Référence : 2026-971-3580",,,phishing
service40@paypa1.com,PayPal,Votre session a expiré,"Votre session paypa1.com a expiré. Connectez-vous pour continuer vos achats.

PayPal

Référence : 2026-909-9094",,,phishing
equipe49@micr0soft.com,Équipe Microsoft,Confirmation de votre courriel,"Confirmez votre courriel sur micr0soft.com pour garder l'accès à votre boîte.

Équipe Microsoft

Référence : 2026-507-8842",,,phishing
info67@netf1ix.com,Netflix,Renouvellement de votre abonnement,"Votre abonnement se renouvelle automatiquement. Gérez-le sur netf1ix.com.

Netflix

Référence : 2026-577-9476",,,phishing
accesd76@desjard1ns.com,Service Desjardins,Frais inhabituels détectés,"Des frais inhabituels ont été détectés. Vérifiez vos relevés sur accesd.desjard1ns.com.

Service Desjardins

Référence : 2026-256-5982",,,phishing
securite42@st3am.com,Steam,Votre compte de jeu est à risque,"Votre compte de jeu est à risque. Protégez-le sur st3am.com.

Steam

Référence : 2026-301-5496",,,phishing
alertes85@app1e.com,Apple,Achat non reconnu,"Un achat de 49,99 $ a été effectué. Ce n'est pas vous ? Signalez-le sur app1e.com.

Apple

Référence : 2026-694-3526",,,phishing
noreply21@amaz0n.com,Amazon,Mise à jour de vos informations,"Bonjour, veuillez mettre à jour vos informations de connexion sur amaz0n.com pour éviter la suspension de votre compte.

Amazon

Référence : 2026-929-6236",,,phishing
support99@rnicrosoft.com,Microsoft Support,Connexion depuis un nouvel appareil,"Nous avons remarqué une connexion depuis un nouvel appareil. Confirmez-la sur rnicrosoft.com.

Microsoft Support

Référence : 2026-753-3852",,,phishing
service13@paypa1.com,PayPal,Votre session a expiré,"Votre session paypa1.com a expiré. Connectez-vous pour continuer vos achats.

PayPal

Référence : 2026-469-7044",,,phishing
equipe77@micr0soft.com,Équipe Microsoft,Confirmation de votre courriel,"Confirmez votre courriel sur micr0soft.com pour garder l'accès à votre boîte.

Équipe Microsoft

Référence : 2026-520-7708",,,phishing
info54@netf1ix.com,Netflix,Renouvellement de votre abonnement,"Votre abonnement se renouvelle automatiquement. Gérez-le sur netf1ix.com.

Netflix

Référence : 2026-231-3981",,,phishing
accesd31@desjard1ns.com,Service Desjardins,Frais inhabituels détectés,"Des frais inhabituels ont été détectés. Vérifiez vos relevés sur accesd.desjard1ns.com.

Service Desjardins

Référence : 2026-265-6286",,,phishing
securite26@st3am.com,Steam,Votre compte de jeu est à risque,"Votre compte de jeu est à risque. Protégez-le sur st3am.com.

Steam

Référence : 2026-740-5961",,,phishing
alertes31@app1e.com,Apple,Achat non reconnu,"Un achat de 49,99 $ a été effectué. Ce n'est pas vous ? Signalez-le sur app1e.com.

Apple

Référence : 2026-774-6531",,,phishing
noreply95@amaz0n.com,Amazon,Mise à jour de vos informations,"Bonjour, veuillez mettre à jour vos informations de connexion sur amaz0n.com pour éviter la suspension de votre compte.

Amazon

Référence : 2026-455-2063",,,phishing
support56@rnicrosoft.com,Microsoft Support,Connexion depuis un nouvel appareil,"Nous avons remarqué une connexion depuis un nouvel appareil. Confirmez-la sur rnicrosoft.com.

Microsoft Support

Référence : 2026-620-4673",,,phishing
service69@paypa1.com,PayPal,Votre session a expiré,"Votre session paypa1.com a expiré. Connectez-vous pour continuer vos achats.

PayPal

Référence : 2026-922-3126",,,phishing
equipe83@micr0soft.com,Équipe Microsoft,Confirmation de votre courriel,"Confirmez votre courriel sur micr0soft.com pour garder l'accès à votre boîte.

Équipe Microsoft

Référence : 2026-175-3053",,,phishing
info26@netf1ix.com,Netflix,Renouvellement de votre abonnement,"Votre abonnement se renouvelle automatiquement. Gérez-le sur netf1ix.com.

Netflix

Référence : 2026-543-9238",,,phishing
accesd38@desjard1ns.com,Service Desjardins,Frais inhabituels détectés,"Des frais inhabituels ont été détectés. Vérifiez vos relevés sur accesd.desjard1ns.com.

Service Desjardins

Référence : 2026-454-9501",,,phishing
securite88@st3am.com,Steam,Votre compte de jeu est à risque,"Votre compte de jeu est à risque. Protégez-le sur st3am.com.

Steam

Référence : 2026-646-2530",,,phishing
alertes82@app1e.com,Apple,Achat non reconnu,"Un achat de 49,99 $ a été effectué. Ce n'est pas vous ? Signalez-le sur app1e.com.

Apple

Référence : 2026-142-1464",,,phishing
noreply80@amaz0n.com,Amazon,Mise à jour de vos informations,"Bonjour, veuillez mettre à jour vos informations de connexion sur amaz0n.com pour éviter la suspension de votre compte.

Amazon

Référence : 2026-655-5757",,,phishing
support25@rnicrosoft.com,Microsoft Support,Connexion depuis un nouvel appareil,"Nous avons remarqué une connexion depuis un nouvel appareil. Confirmez-la sur rnicrosoft.com.

Microsoft Support

Référence : 2026-305-3275",,,phishing
service88@paypa1.com,PayPal,Votre session a expiré,"Votre session paypa1.com a expiré. Connectez-vous pour continuer vos achats.

PayPal

Référence : 2026-188-2077",,,phishing
equipe50@micr0soft.com,Équipe Microsoft,Confirmation de votre courriel,"Confirmez votre courriel sur micr0soft.com pour garder l'accès à votre boîte.

Équipe Microsoft

Référence : 2026-757-2215",,,phishing
info17@netf1ix.com,Netflix,Renouvellement de votre abonnement,"Votre abonnement se renouvelle automatiquement. Gérez-le sur netf1ix.com.

Netflix

Référence : 2026-951-3034",,,phishing
accesd46@desjard1ns.com,Service Desjardins,Frais inhabituels détectés,"Des frais inhabituels ont été détectés. Vérifiez vos relevés sur accesd.desjard1ns.com.

Service Desjardins

Référence : 2026-966-2292",,,phishing
securite74@st3am.com,Steam,Votre compte de jeu est à risque,"Votre compte de jeu est à risque. Protégez-le sur st3am.com.

Steam

Référence : 2026-756-3762",,,phishing
alertes20@app1e.com,Apple,Achat non reconnu,"Un achat de 49,99 $ a été effectué. Ce n'est pas vous ? Signalez-le sur app1e.com.

Apple

Référence : 2026-146-5336",,,phishing
securite@desjardins.com.securite-client.xyz,Service Desjardins,Votre accès sera fermé,"Votre accès sera fermé si vous ne répondez pas : http://desjardins.com.securite-client.xyz

Service Desjardins",,,phishing
support@amazon.com.verify-login.top,Amazon,Réactivez votre compte,"Réactivez votre compte : http://amazon.com.verify-login.top

Amazon",,,phishing
comptes@netflix.com.account-update.info,Netflix,Votre paiement est en attente,"Votre paiement est en attente : http://netflix.com.account-update.info

Netflix",,,phishing
verification@microsoft.com.connexion-securisee.xyz,Microsoft 365,Vérification requise,"Vérification requise : http://microsoft.com.connexion-securisee.xyz

Microsoft 365",,,phishing
suivi@postescanada.ca.suivi-livraison.info,Postes Canada,Votre colis ne peut pas être livré,"Votre colis ne peut pas être livré : http://postescanada.ca.suivi-livraison.info

Postes Canada",,,phishing
securite93@desjardins.com.securite-client.xyz,Service Desjardins,Votre accès sera fermé,"Votre accès sera fermé si vous ne répondez pas : http://desjardins.com.securite-client.xyz

Service Desjardins

Référence : 2026-315-7825",,,phishing
support71@amazon.com.verify-login.top,Amazon,Réactivez votre compte,"Réactivez votre compte : http://amazon.com.verify-login.top

Amazon

Référence : 2026-350-7653",,,phishing
comptes69@netflix.com.account-update.info,Netflix,Votre paiement est en attente,"Votre paiement est en attente : http://netflix.com.account-update.info

Netflix

Référence : 2026-308-6573",,,phishing
verification75@microsoft.com.connexion-securisee.xyz,Microsoft 365,Vérification requise,"Vérification requise : http://microsoft.com.connexion-securisee.xyz

Microsoft 365

Référence : 2026-675-2739",,,phishing
suivi16@postescanada.ca.suivi-livraison.info,Postes Canada,Votre colis ne peut pas être livré,"Votre colis ne peut pas être livré : http://postescanada.ca.suivi-livraison.info

Postes Canada

Référence : 2026-397-7293",,,phishing
securite89@desjardins.com.securite-client.xyz,Service Desjardins,Votre accès sera fermé,"Votre accès sera fermé si vous ne répondez pas : http://desjardins.com.securite-client.xyz

Service Desjardins

Référence : 2026-754-1496",,,phishing
support48@amazon.com.verify-login.top,Amazon,Réactivez votre compte,"Réactivez votre compte : http://amazon.com.verify-login.top

Amazon

Référence : 2026-564-2195",,,phishing
comptes87@netflix.com.account-update.info,Netflix,Votre paiement est en attente,"Votre paiement est en attente : http://netflix.com.account-update.info

Netflix

Référence : 2026-247-6121",,,phishing
verification50@microsoft.com.connexion-securisee.xyz,Microsoft 365,Vérification requise,"Vérification requise : http://microsoft.com.connexion-securisee.xyz

Microsoft 365

Référence : 2026-347-8642",,,phishing
suivi88@postescanada.ca.suivi-livraison.info,Postes Canada,Votre colis ne peut pas être livré,"Votre colis ne peut pas être livré : http://postescanada.ca.suivi-livraison.info

Postes Canada

Référence : 2026-528-5067",,,phishing
securite73@desjardins.com.securite-client.xyz,Service Desjardins,Votre accès sera fermé,"Votre accès sera fermé si vous ne répondez pas : http://desjardins.com.securite-client.xyz

Service Desjardins

Référence : 2026-742-9938",,,phishing
support98@amazon.com.verify-login.top,Amazon,Réactivez votre compte,"Réactivez votre compte : http://amazon.com.verify-login.top

Amazon

Référence : 2026-161-3589",,,phishing
comptes50@netflix.com.account-update.info,Netflix,Votre paiement est en attente,"Votre paiement est en attente : http://netflix.com.account-update.info

Netflix

Référence : 2026-851-6658",,,phishing
verification25@microsoft.com.connexion-securisee.xyz,Microsoft 365,Vérification requise,"Vérification requise : http://microsoft.com.connexion-securisee.xyz

Microsoft 365

Référence : 2026-373-8366",,,phishing
suivi30@postescanada.ca.suivi-livraison.info,Postes Canada,Votre colis ne peut pas être livré,"Votre colis ne peut pas être livré : http://postescanada.ca.suivi-livraison.info

Postes Canada

Référence : 2026-933-6364",,,phishing
securite47@desjardins.com.securite-client.xyz,Service Desjardins,Votre accès sera fermé,"Votre accès sera fermé si vous ne répondez pas : http://desjardins.com.securite-client.xyz

Service Desjardins

Référence : 2026-757-5949",,,phishing
support66@amazon.com.verify-login.top,Amazon,Réactivez votre compte,"Réactivez votre compte : http://amazon.com.verify-login.top

Amazon

Référence : 2026-525-8933",,,phishing
comptes61@netflix.com.account-update.info,Netflix,Votre paiement est en attente,"Votre paiement est en attente : http://netflix.com.account-update.info

Netflix

Référence : 2026-233-7070",,,phishing
verification41@microsoft.com.connexion-securisee.xyz,Microsoft 365,Vérification requise,"Vérification requise : http://microsoft.com.connexion-securisee.xyz

Microsoft 365

Référence : 2026-244-2586",,,phishing
suivi83@postescanada.ca.suivi-livraison.info,Postes Canada,Votre colis ne peut pas être livré,"Votre colis ne peut pas être livré : http://postescanada.ca.suivi-livraison.info

Postes Canada

Référence : 2026-838-6123",,,phishing
securite@desjardins.com,Service Desjardins,Connexion depuis une adresse inconnue,"Votre compte a été utilisé depuis une adresse inconnue. Vérifiez ici : http://203.0.113.45/desjardins/login

Service Desjardins",,,phishing
remboursement@revenuquebec.ca,Revenu Québec,Récupérez votre remboursement,"Cliquez pour récupérer votre remboursement : https://bit.ly/3xK9pQ

Revenu Québec",,,phishing
service@paypal.com,PayPal,Sécurisez votre compte,"Suivez votre colis sur ce lien : http://192.0.2.77/paypal/secure

PayPal",,,phishing
support@apple.com,Apple Support,Mettez à jour vos informations,"Mettez à jour vos informations : http://198.51.100.12/apple/id-verify

Apple Support",,,phishing
verification@microsoft.com,Microsoft 365,Votre mot de passe expire bientôt,"Votre mot de passe expire bientôt. Renouvelez-le : http://micr0soft-alert.com/verify

Microsoft 365",,,phishing
livraison@postescanada.ca,Postes Canada,Confirmez votre adresse de livraison,"Confirmez votre adresse de livraison : http://postescanada-suivi.info/paiement?ref=8821

Postes Canada",,,phishing
comptes@bmo.com,BMO,Accédez à votre relevé,"Accédez à votre relevé : https://tinyurl.com/xk991

BMO",,,phishing
support@amazon.ca,Amazon,Sécurisez votre compte,"Sécurisez votre compte : http://amazon.ca.security-check.xyz/login

Amazon",,,phishing
accesd@desjardins.com,Desjardins,Votre session a expiré,"Votre session a expiré. Connectez-vous à nouveau : http://accesd-desjardins-verification.top

Desjardins",,,phishing
securite34@desjardins.com,Service Desjardins,Connexion depuis une adresse inconnue,"Votre compte a été utilisé depuis une adresse inconnue. Vérifiez ici : http://203.0.113.45/desjardins/login

Service Desjardins

Référence : 2026-881-3610",,,phishing
remboursement74@revenuquebec.ca,Revenu Québec,Récupérez votre remboursement,"Cliquez pour récupérer votre remboursement : https://bit.ly/3xK9pQ

Revenu Québec

Référence : 2026-568-4944",,,phishing
service46@paypal.com,PayPal,Sécurisez votre compte,"Suivez votre colis sur ce lien : http://192.0.2.77/paypal/secure

PayPal

Référence : 2026-649-1133",,,phishing
support61@apple.com,Apple Support,Mettez à jour vos informations,"Mettez à jour vos informations : http://198.51.100.12/apple/id-verify

Apple Support

Référence : 2026-152-4189",,,phishing
verification89@microsoft.com,Microsoft 365,Votre mot de passe expire bientôt,"Votre mot de passe expire bientôt. Renouvelez-le : http://micr0soft-alert.com/verify

Microsoft 365

Référence : 2026-796-2946",,,phishing
livraison35@postescanada.ca,Postes Canada,Confirmez votre adresse de livraison,"Confirmez votre adresse de livraison : http://postescanada-suivi.info/paiement?ref=8821

Postes Canada

Référence : 2026-716-9341",,,phishing
comptes76@bmo.com,BMO,Accédez à votre relevé,"Accédez à votre relevé : https://tinyurl.com/xk991

BMO

Référence : 2026-567-3440",,,phishing
support85@amazon.ca,Amazon,Sécurisez votre compte,"Sécurisez votre compte : http://amazon.ca.security-check.xyz/login

Amazon

Référence : 2026-444-9311",,,phishing
accesd96@desjardins.com,Desjardins,Votre session a expiré,"Votre session a expiré. Connectez-vous à nouveau : http://accesd-desjardins-verification.top

Desjardins

Référence : 2026-212-7824",,,phishing
securite73@desjardins.com,Service Desjardins,Connexion depuis une adresse inconnue,"Votre compte a été utilisé depuis une adresse inconnue. Vérifiez ici : http://203.0.113.45/desjardins/login

Service Desjardins

Référence : 2026-627-8648",,,phishing
remboursement37@revenuquebec.ca,Revenu Québec,Récupérez votre remboursement,"Cliquez pour récupérer votre remboursement : https://bit.ly/3xK9pQ

Revenu Québec

Référence : 2026-697-6781",,,phishing
service23@paypal.com,PayPal,Sécurisez votre compte,"Suivez votre colis sur ce lien : http://192.0.2.77/paypal/secure

PayPal

Référence : 2026-541-3194",,,phishing
support56@apple.com,Apple Support,Mettez à jour vos informations,"Mettez à jour vos informations : http://198.51.100.12/apple/id-verify

Apple Support

Référence : 2026-666-5728",,,phishing
verification26@microsoft.com,Microsoft 365,Votre mot de passe expire bientôt,"Votre mot de passe expire bientôt. Renouvelez-le : http://micr0soft-alert.com/verify

Microsoft 365

Référence : 2026-199-7453",,,phishing
livraison61@postescanada.ca,Postes Canada,Confirmez votre adresse de livraison,"Confirmez votre adresse de livraison : http://postescanada-suivi.info/paiement?ref=8821

Postes Canada

Référence : 2026-612-1659",,,phishing
comptes87@bmo.com,BMO,Accédez à votre relevé,"Accédez à votre relevé : https://tinyurl.com/xk991

BMO

Référence : 2026-627-3290",,,phishing
support75@amazon.ca,Amazon,Sécurisez votre compte,"Sécurisez votre compte : http://amazon.ca.security-check.xyz/login

Amazon

Référence : 2026-645-9025",,,phishing
accesd84@desjardins.com,Desjardins,Votre session a expiré,"Votre session a expiré. Connectez-vous à nouveau : http://accesd-desjardins-verification.top

Desjardins

Référence : 2026-415-1436",,,phishing
securite73@desjardins.com,Service Desjardins,Connexion depuis une adresse inconnue,"Votre compte a été utilisé depuis une adresse inconnue. Vérifiez ici : http://203.0.113.45/desjardins/login

Service Desjardins

Référence : 2026-415-9148",,,phishing
remboursement16@revenuquebec.ca,Revenu Québec,Récupérez votre remboursement,"Cliquez pour récupérer votre remboursement : https://bit.ly/3xK9pQ

Revenu Québec

Référence : 2026-151-5609",,,phishing
service43@paypal.com,PayPal,Sécurisez votre compte,"Suivez votre colis sur ce lien : http://192.0.2.77/paypal/secure

PayPal

Référence : 2026-844-6992",,,phishing
support19@apple.com,Apple Support,Mettez à jour vos informations,"Mettez à jour vos informations : http://198.51.100.12/apple/id-verify

Apple Support

Référence : 2026-495-9261",,,phishing
verification57@microsoft.com,Microsoft 365,Votre mot de passe expire bientôt,"Votre mot de passe expire bientôt. Renouvelez-le : http://micr0soft-alert.com/verify

Microsoft 365

Référence : 2026-913-6555",,,phishing
livraison15@postescanada.ca,Postes Canada,Confirmez votre adresse de livraison,"Confirmez votre adresse de livraison : http://postescanada-suivi.info/paiement?ref=8821

Postes Canada

Référence : 2026-139-3245",,,phishing
comptes51@bmo.com,BMO,Accédez à votre relevé,"Accédez à votre relevé : https://tinyurl.com/xk991

BMO

Référence : 2026-727-6218",,,phishing
support82@amazon.ca,Amazon,Sécurisez votre compte,"Sécurisez votre compte : http://amazon.ca.security-check.xyz/login

Amazon

Référence : 2026-406-8780",,,phishing
accesd86@desjardins.com,Desjardins,Votre session a expiré,"Votre session a expiré. Connectez-vous à nouveau : http://accesd-desjardins-verification.top

Desjardins

Référence : 2026-585-5350",,,phishing
securite12@desjardins.com,Service Desjardins,Connexion depuis une adresse inconnue,"Votre compte a été utilisé depuis une adresse inconnue. Vérifiez ici : http://203.0.113.45/desjardins/login

Service Desjardins

Référence : 2026-192-7442",,,phishing
remboursement73@revenuquebec.ca,Revenu Québec,Récupérez votre remboursement,"Cliquez pour récupérer votre remboursement : https://bit.ly/3xK9pQ

Revenu Québec

Référence : 2026-711-8710",,,phishing
service61@paypal.com,PayPal,Sécurisez votre compte,"Suivez votre colis sur ce lien : http://192.0.2.77/paypal/secure

PayPal

Référence : 2026-474-1741",,,phishing
support67@apple.com,Apple Support,Mettez à jour vos informations,"Mettez à jour vos informations : http://198.51.100.12/apple/id-verify

Apple Support

Référence : 2026-882-5582",,,phishing
verification81@microsoft.com,Microsoft 365,Votre mot de passe expire bientôt,"Votre mot de passe expire bientôt. Renouvelez-le : http://micr0soft-alert.com/verify

Microsoft 365

Référence : 2026-474-3363",,,phishing
livraison52@postescanada.ca,Postes Canada,Confirmez votre adresse de livraison,"Confirmez votre adresse de livraison : http://postescanada-suivi.info/paiement?ref=8821

Postes Canada

Référence : 2026-923-8761",,,phishing
comptes30@bmo.com,BMO,Accédez à votre relevé,"Accédez à votre relevé : https://tinyurl.com/xk991

BMO

Référence : 2026-502-5902",,,phishing
support12@amazon.ca,Amazon,Sécurisez votre compte,"Sécurisez votre compte : http://amazon.ca.security-check.xyz/login

Amazon

Référence : 2026-477-6427",,,phishing
accesd93@desjardins.com,Desjardins,Votre session a expiré,"Votre session a expiré. Connectez-vous à nouveau : http://accesd-desjardins-verification.top

Desjardins

Référence : 2026-901-4728",,,phishing
support123@gmail.com,Amazon Support,Compte bloqué,Votre compte est bloqué. Cliquez pour le réactiver : https://bit.ly/3xK9pQ,,,phishing
securite@desjardins-verification.info,Service Desjardins,Vérification de sécurité requise,Vérification de sécurité requise sur votre compte AccèsD. Agissez rapidement pour éviter le blocage.,,,phishing
support.microsoft.security@gmail.com,Microsoft Support,Votre session a expiré,Votre session a expiré. Renouvelez-la pour continuer à utiliser votre boîte de courriel.,,,phishing
info@netflix-billing.tk,Netflix,Problème de paiement,Un problème de paiement est survenu sur votre compte. Mettez à jour votre moyen de paiement ici : http://netflix-billing.tk/update.php,,,phishing
livraison@postes-canada-suivi.info,Postes Canada,Un colis vous attend,Un colis vous attend au bureau de poste. Confirmez votre adresse pour la livraison : http://postes-canada-suivi.info,,,phishing
service@paypa1.com,PayPal Service,Compte limité,Votre compte est limité jusqu'à confirmation de vos informations. Connectez-vous pour retirer la limite.,,,phishing
apple.service.alert@hotmail.com,Apple Support,Votre identifiant doit être vérifié,Votre identifiant Apple doit être vérifié avant la fin de la semaine. Cliquez ici pour continuer : http://apple.id-verify.top/signin,,,phishing
factures@hydroquebec-info.xyz,Hydro-Québec,Facture impayée,Votre facture est impayée. Évitez les frais en réglant votre solde : http://hydroquebec-info.xyz/paiement,,,phishing
support12316@gmail.com,Amazon Support,Compte bloqué,"Votre compte est bloqué. Cliquez pour le réactiver : https://bit.ly/3xK9pQ

Référence : 2026-697-8871",,,phishing
securite34@desjardins-verification.info,Service Desjardins,Vérification de sécurité requise,"Vérification de sécurité requise sur votre compte AccèsD. Agissez rapidement pour éviter le blocage.

Référence : 2026-119-8225",,,phishing
support.microsoft.security17@gmail.com,Microsoft Support,Votre session a expiré,"Votre session a expiré. Renouvelez-la pour continuer à utiliser votre boîte de courriel.

Référence : 2026-822-3262",,,phishing
info68@netflix-billing.tk,Netflix,Problème de paiement,"Un problème de paiement est survenu sur votre compte. Mettez à jour votre moyen de paiement ici : http://netflix-billing.tk/update.php

Référence : 2026-645-6608",,,phishing
livraison38@postes-canada-suivi.info,Postes Canada,Un colis vous attend,"Un colis vous attend au bureau de poste. Confirmez votre adresse pour la livraison : http://postes-canada-suivi.info

Référence : 2026-404-5735",,,phishing
service46@paypa1.com,PayPal Service,Compte limité,"Votre compte est limité jusqu'à confirmation de vos informations. Connectez-vous pour retirer la limite.

Référence : 2026-224-9899",,,phishing
apple.service.alert54@hotmail.com,Apple Support,Votre identifiant doit être vérifié,"Votre identifiant Apple doit être vérifié avant la fin de la semaine. Cliquez ici pour continuer : http://apple.id-verify.top/signin

Référence : 2026-552-5201",,,phishing
factures41@hydroquebec-info.xyz,Hydro-Québec,Facture impayée,"Votre facture est impayée. Évitez les frais en réglant votre solde : http://hydroquebec-info.xyz/paiement

Référence : 2026-151-9700",,,phishing
support12331@gmail.com,Amazon Support,Compte bloqué,"Votre compte est bloqué. Cliquez pour le réactiver : https://bit.ly/3xK9pQ

Référence : 2026-636-7229",,,phishing
securite50@desjardins-verification.info,Service Desjardins,Vérification de sécurité requise,"Vérification de sécurité requise sur votre compte AccèsD. Agissez rapidement pour éviter le blocage.

Référence : 2026-528-3481",,,phishing
support.microsoft.security76@gmail.com,Microsoft Support,Votre session a expiré,"Votre session a expiré. Renouvelez-la pour continuer à utiliser votre boîte de courriel.

Référence : 2026-312-6325",,,phishing
info79@netflix-billing.tk,Netflix,Problème de paiement,"Un problème de paiement est survenu sur votre compte. Mettez à jour votre moyen de paiement ici : http://netflix-billing.tk/update.php

Référence : 2026-462-5331",,,phishing
livraison36@postes-canada-suivi.info,Postes Canada,Un colis vous attend,"Un colis vous attend au bureau de poste. Confirmez votre adresse pour la livraison : http://postes-canada-suivi.info

Référence : 2026-806-9011",,,phishing
service58@paypa1.com,PayPal Service,Compte limité,"Votre compte est limité jusqu'à confirmation de vos informations. Connectez-vous pour retirer la limite.

Référence : 2026-504-6654",,,phishing
apple.service.alert71@hotmail.com,Apple Support,Votre identifiant doit être vérifié,"Votre identifiant Apple doit être vérifié avant la fin de la semaine. Cliquez ici pour continuer : http://apple.id-verify.top/signin

Référence : 2026-319-4310",,,phishing
factures38@hydroquebec-info.xyz,Hydro-Québec,Facture impayée,"Votre facture est impayée. Évitez les frais en réglant votre solde : http://hydroquebec-info.xyz/paiement

Référence : 2026-753-4814",,,phishing
support12328@gmail.com,Amazon Support,Compte bloqué,"Votre compte est bloqué. Cliquez pour le réactiver : https://bit.ly/3xK9pQ

Référence : 2026-941-4968",,,phishing
securite62@desjardins-verification.info,Service Desjardins,Vérification de sécurité requise,"Vérification de sécurité requise sur votre compte AccèsD. Agissez rapidement pour éviter le blocage.

Référence : 2026-807-4340",,,phishing
support.microsoft.security94@gmail.com,Microsoft Support,Votre session a expiré,"Votre session a expiré. Renouvelez-la pour continuer à utiliser votre boîte de courriel.

Référence : 2026-589-9609",,,phishing
info88@netflix-billing.tk,Netflix,Problème de paiement,"Un problème de paiement est survenu sur votre compte. Mettez à jour votre moyen de paiement ici : http://netflix-billing.tk/update.php

Référence : 2026-595-4150",,,phishing
livraison50@postes-canada-suivi.info,Postes Canada,Un colis vous attend,"Un colis vous attend au bureau de poste. Confirmez votre adresse pour la livraison : http://postes-canada-suivi.info

Référence : 2026-591-6714",,,phishing
service28@paypa1.com,PayPal Service,Compte limité,"Votre compte est limité jusqu'à confirmation de vos informations. Connectez-vous pour retirer la limite.

Référence : 2026-397-1689",,,phishing
apple.service.alert78@hotmail.com,Apple Support,Votre identifiant doit être vérifié,"Votre identifiant Apple doit être vérifié avant la fin de la semaine. Cliquez ici pour continuer : http://apple.id-verify.top/signin

Référence : 2026-377-5450",,,phishing
factures16@hydroquebec-info.xyz,Hydro-Québec,Facture impayée,"Votre facture est impayée. Évitez les frais en réglant votre solde : http://hydroquebec-info.xyz/paiement

Référence : 2026-202-7771",,,phishing
support12314@gmail.com,Amazon Support,Compte bloqué,"Votre compte est bloqué. Cliquez pour le réactiver : https://bit.ly/3xK9pQ

Référence : 2026-686-2800",,,phishing
securite62@desjardins-verification.info,Service Desjardins,Vérification de sécurité requise,"Vérification de sécurité requise sur votre compte AccèsD. Agissez rapidement pour éviter le blocage.

Référence : 2026-613-8726",,,phishing
support.microsoft.security58@gmail.com,Microsoft Support,Votre session a expiré,"Votre session a expiré. Renouvelez-la pour continuer à utiliser votre boîte de courriel.

Référence : 2026-421-3837",,,phishing
info41@netflix-billing.tk,Netflix,Problème de paiement,"Un problème de paiement est survenu sur votre compte. Mettez à jour votre moyen de paiement ici : http://netflix-billing.tk/update.php

Référence : 2026-385-5890",,,phishing
livraison81@postes-canada-suivi.info,Postes Canada,Un colis vous attend,"Un colis vous attend au bureau de poste. Confirmez votre adresse pour la livraison : http://postes-canada-suivi.info

Référence : 2026-914-5480",,,phishing
service46@paypa1.com,PayPal Service,Compte limité,"Votre compte est limité jusqu'à confirmation de vos informations. Connectez-vous pour retirer la limite.

Référence : 2026-831-2294",,,phishing
apple.service.alert27@hotmail.com,Apple Support,Votre identifiant doit être vérifié,"Votre identifiant Apple doit être vérifié avant la fin de la semaine. Cliquez ici pour continuer : http://apple.id-verify.top/signin

Référence : 2026-211-4920",,,phishing
factures52@hydroquebec-info.xyz,Hydro-Québec,Facture impayée,"Votre facture est impayée. Évitez les frais en réglant votre solde : http://hydroquebec-info.xyz/paiement

Référence : 2026-834-8739",,,phishing
securite@desjardins.com,Service Desjardins,Alerte de sécurité sur votre compte,"Alerte de sécurité sur votre compte AccèsD. Veuillez vous connecter et vérifier vos transactions récentes.

Service Desjardins",<x9921@relais-etranger.info>,,phishing
support@microsoft.com,Microsoft Support,Votre compte a été utilisé,"Votre compte a été utilisé depuis un autre appareil. Consultez votre historique de connexion.

Microsoft Support",<bulk771@ms-alert.info>,<recovery@mail.com>,phishing
facturation@fournisseur.ca,Fournisseur.ca,Confirmation de facturation,"Bonjour, votre facture du mois est prête. Le paiement est dû avant le 30 du mois.

Fournisseur.ca",<facturation@fournisseur.ca>,<paiements@fournisseur-inv.top>,phishing
no-reply@netflix.com,Netflix,Paiement en attente,"Votre paiement est en attente. Mettez à jour votre mode de paiement pour continuer à regarder.

Netflix",<bounce-7@netflix-billing.tk>,,phishing
noreply@hydroquebec.com,Hydro-Québec,Remboursement disponible,"Un remboursement est disponible sur votre compte. Communiquez avec nous pour le recevoir.

Hydro-Québec",<refund@factures-quebec.info>,,phishing
info@postescanada.ca,Postes Canada,Colis en attente de livraison,"Votre colis est en attente de livraison. Confirmez votre adresse pour finaliser l'envoi.

Postes Canada",<livraison@suivi-poste.top>,<livraison@suivi-poste.top>,phishing
securite22@desjardins.com,Service Desjardins,Alerte de sécurité sur votre compte,"Alerte de sécurité sur votre compte AccèsD. Veuillez vous connecter et vérifier vos transactions récentes.

Service Desjardins

Référence : 2026-889-3252",<x992197@relais-etranger.info>,,phishing
support21@microsoft.com,Microsoft Support,Votre compte a été utilisé,"Votre compte a été utilisé depuis un autre appareil. Consultez votre historique de connexion.

Microsoft Support

Référence : 2026-687-4804",<bulk77193@ms-alert.info>,<recovery@mail.com>,phishing
facturation14@fournisseur.ca,Fournisseur.ca,Confirmation de facturation,"Bonjour, votre facture du mois est prête. Le paiement est dû avant le 30 du mois.

Fournisseur.ca

Référence : 2026-405-2758",<facturation11@fournisseur.ca>,<paiements@fournisseur-inv.top>,phishing
no-reply52@netflix.com,Netflix,Paiement en attente,"Votre paiement est en attente. Mettez à jour votre mode de paiement pour continuer à regarder.

Netflix

Référence : 2026-848-8518",<bounce-730@netflix-billing.tk>,,phishing
noreply32@hydroquebec.com,Hydro-Québec,Remboursement disponible,"Un remboursement est disponible sur votre compte. Communiquez avec nous pour le recevoir.

Hydro-Québec

Référence : 2026-976-7643",<refund88@factures-quebec.info>,,phishing
info10@postescanada.ca,Postes Canada,Colis en attente de livraison,"Votre colis est en attente de livraison. Confirmez votre adresse pour finaliser l'envoi.

Postes Canada

Référence : 2026-492-4858",<livraison43@suivi-poste.top>,<livraison@suivi-poste.top>,phishing
securite10@desjardins.com,Service Desjardins,Alerte de sécurité sur votre compte,"Alerte de sécurité sur votre compte AccèsD. Veuillez vous connecter et vérifier vos transactions récentes.

Service Desjardins

Référence : 2026-261-7666",<x992180@relais-etranger.info>,,phishing
support78@microsoft.com,Microsoft Support,Votre compte a été utilisé,"Votre compte a été utilisé depuis un autre appareil. Consultez votre historique de connexion.

Microsoft Support

Référence : 2026-279-7846",<bulk77114@ms-alert.info>,<recovery@mail.com>,phishing
facturation52@fournisseur.ca,Fournisseur.ca,Confirmation de facturation,"Bonjour, votre facture du mois est prête. Le paiement est dû avant le 30 du mois.

Fournisseur.ca

Référence : 2026-565-9901",<facturation46@fournisseur.ca>,<paiements@fournisseur-inv.top>,phishing
no-reply92@netflix.com,Netflix,Paiement en attente,"Votre paiement est en attente. Mettez à jour votre mode de paiement pour continuer à regarder.

Netflix

Référence : 2026-835-4050",<bounce-742@netflix-billing.tk>,,phishing
noreply64@hydroquebec.com,Hydro-Québec,Remboursement disponible,"Un remboursement est disponible sur votre compte. Communiquez avec nous pour le recevoir.

Hydro-Québec

Référence : 2026-435-2421",<refund75@factures-quebec.info>,,phishing
info67@postescanada.ca,Postes Canada,Colis en attente de livraison,"Votre colis est en attente de livraison. Confirmez votre adresse pour finaliser l'envoi.

Postes Canada

Référence : 2026-437-5947",<livraison44@suivi-poste.top>,<livraison@suivi-poste.top>,phishing
securite93@desjardins.com,Service Desjardins,Alerte de sécurité sur votre compte,"Alerte de sécurité sur votre compte AccèsD. Veuillez vous connecter et vérifier vos transactions récentes.

Service Desjardins

Référence : 2026-588-4267",<x992170@relais-etranger.info>,,phishing
support32@microsoft.com,Microsoft Support,Votre compte a été utilisé,"Votre compte a été utilisé depuis un autre appareil. Consultez votre historique de connexion.

Microsoft Support

Référence : 2026-956-7504",<bulk77114@ms-alert.info>,<recovery@mail.com>,phishing
facturation77@fournisseur.ca,Fournisseur.ca,Confirmation de facturation,"Bonjour, votre facture du mois est prête. Le paiement est dû avant le 30 du mois.

Fournisseur.ca

Référence : 2026-237-9261",<facturation73@fournisseur.ca>,<paiements@fournisseur-inv.top>,phishing
no-reply11@netflix.com,Netflix,Paiement en attente,"Votre paiement est en attente. Mettez à jour votre mode de paiement pour continuer à regarder.

Netflix

Référence : 2026-909-5833",<bounce-753@netflix-billing.tk>,,phishing
noreply61@hydroquebec.com,Hydro-Québec,Remboursement disponible,"Un remboursement est disponible sur votre compte. Communiquez avec nous pour le recevoir.

Hydro-Québec

Référence : 2026-197-4027",<refund95@factures-quebec.info>,,phishing
info84@postescanada.ca,Postes Canada,Colis en attente de livraison,"Votre colis est en attente de livraison. Confirmez votre adresse pour finaliser l'envoi.

Postes Canada

Référence : 2026-111-5285",<livraison83@suivi-poste.top>,<livraison@suivi-poste.top>,phishing
securite46@desjardins.com,Service Desjardins,Alerte de sécurité sur votre compte,"Alerte de sécurité sur votre compte AccèsD. Veuillez vous connecter et vérifier vos transactions récentes.

Service Desjardins

Référence : 2026-392-1969",<x992151@relais-etranger.info>,,phishing
support73@microsoft.com,Microsoft Support,Votre compte a été utilisé,"Votre compte a été utilisé depuis un autre appareil. Consultez votre historique de connexion.

Microsoft Support

Référence : 2026-866-5742",<bulk77133@ms-alert.info>,<recovery@mail.com>,phishing
facturation69@fournisseur.ca,Fournisseur.ca,Confirmation de facturation,"Bonjour, votre facture du mois est prête. Le paiement est dû avant le 30 du mois.

Fournisseur.ca

Référence : 2026-297-2845",<facturation44@fournisseur.ca>,<paiements@fournisseur-inv.top>,phishing
no-reply82@netflix.com,Netflix,Paiement en attente,"Votre paiement est en attente. Mettez à jour votre mode de paiement pour continuer à regarder.

Netflix

Référence : 2026-875-4164",<bounce-796@netflix-billing.tk>,,phishing
noreply27@hydroquebec.com,Hydro-Québec,Remboursement disponible,"Un remboursement est disponible sur votre compte. Communiquez avec nous pour le recevoir.

Hydro-Québec

Référence : 2026-431-5064",<refund71@factures-quebec.info>,,phishing
info93@postescanada.ca,Postes Canada,Colis en attente de livraison,"Votre colis est en attente de livraison. Confirmez votre adresse pour finaliser l'envoi.

Postes Canada

Référence : 2026-809-4871",<livraison56@suivi-poste.top>,<livraison@suivi-poste.top>,phishing
securite@desjardins-verification.info,Desjardins,Connexion à votre compte AccèsD,"Bonjour, nous avons remarqué une connexion à votre compte AccèsD depuis un appareil que vous ne reconnaissez pas. Pour votre sécurité, veuillez consulter vos relevés et nous aviser de toute anomalie.

Merci de votre confiance.",,,phishing
noreply@microsoft-account-verify.net,Microsoft,Votre abonnement Microsoft 365,"Bonjour, votre abonnement Microsoft 365 arrive à échéance. Les détails de votre facture sont disponibles sur le portail. Bonne journée.",,,phishing
comptes@netflix-billing.tk,Netflix,Mise à jour de votre facturation,"Bonjour, la facturation de votre compte a été mise à jour. Vous pouvez consulter le résumé de votre abonnement en tout temps.",,,phishing
service@paypa1.com,PayPal,Votre compte est à jour,"Bonjour, nous vous remercions de votre confiance. Votre compte est à jour. Pour toute question, communiquez avec nous.",,,phishing
no-reply@amaz0n.com,Amazon,Votre commande a bien été reçue,"Bonjour, votre commande de la semaine a bien été reçue. Un courriel de confirmation séparé vous sera envoyé. Merci.",,,phishing
alerte@bmo-securite.xyz,BMO,Utilisation de votre carte,"Bonjour, votre carte a été utilisée récemment. Aucune action n'est requise. Bonne journée.",,,phishing
suivi@postescanada-livraison.xyz,Postes Canada,Envoi en transit,"Bonjour, un envoi est en transit vers votre adresse. Le suivi sera mis à jour dans les prochaines heures.",,,phishing
info@revenu-quebec-verification.info,Revenu Québec,Votre dossier est en traitement,"Bonjour, votre dossier est en cours de traitement. Les documents demandés ont bien été reçus. Merci de votre collaboration.",,,phishing
securite17@desjardins-verification.info,Desjardins,Connexion à votre compte AccèsD,"Bonjour, nous avons remarqué une connexion à votre compte AccèsD depuis un appareil que vous ne reconnaissez pas. Pour votre sécurité, veuillez consulter vos relevés et nous aviser de toute anomalie.

Merci de votre confiance.

Référence : 2026-783-2936",,,phishing
noreply91@microsoft-account-verify.net,Microsoft,Votre abonnement Microsoft 365,"Bonjour, votre abonnement Microsoft 365 arrive à échéance. Les détails de votre facture sont disponibles sur le portail. Bonne journée.

Référence : 2026-402-7021",,,phishing
comptes63@netflix-billing.tk,Netflix,Mise à jour de votre facturation,"Bonjour, la facturation de votre compte a été mise à jour. Vous pouvez consulter le résumé de votre abonnement en tout temps.

Référence : 2026-818-9998",,,phishing
service77@paypa1.com,PayPal,Votre compte est à jour,"Bonjour, nous vous remercions de votre confiance. Votre compte est à jour. Pour toute question, communiquez avec nous.

Référence : 2026-557-9653",,,phishing
no-reply29@amaz0n.com,Amazon,Votre commande a bien été reçue,"Bonjour, votre commande de la semaine a bien été reçue. Un courriel de confirmation séparé vous sera envoyé. Merci.

Référence : 2026-268-6375",,,phishing
alerte17@bmo-securite.xyz,BMO,Utilisation de votre carte,"Bonjour, votre carte a été utilisée récemment. Aucune action n'est requise. Bonne journée.

Référence : 2026-564-3161",,,phishing
suivi12@postescanada-livraison.xyz,Postes Canada,Envoi en transit,"Bonjour, un envoi est en transit vers votre adresse. Le suivi sera mis à jour dans les prochaines heures.

Référence : 2026-505-5169",,,phishing
info79@revenu-quebec-verification.info,Revenu Québec,Votre dossier est en traitement,"Bonjour, votre dossier est en cours de traitement. Les documents demandés ont bien été reçus. Merci de votre collaboration.

Référence : 2026-161-2130",,,phishing
securite69@desjardins-verification.info,Desjardins,Connexion à votre compte AccèsD,"Bonjour, nous avons remarqué une connexion à votre compte AccèsD depuis un appareil que vous ne reconnaissez pas. Pour votre sécurité, veuillez consulter vos relevés et nous aviser de toute anomalie.

Merci de votre confiance.

Référence : 2026-414-3616",,,phishing
noreply88@microsoft-account-verify.net,Microsoft,Votre abonnement Microsoft 365,"Bonjour, votre abonnement Microsoft 365 arrive à échéance. Les détails de votre facture sont disponibles sur le portail. Bonne journée.

Référence : 2026-326-4590",,,phishing
comptes70@netflix-billing.tk,Netflix,Mise à jour de votre facturation,"Bonjour, la facturation de votre compte a été mise à jour. Vous pouvez consulter le résumé de votre abonnement en tout temps.

Référence : 2026-875-9806",,,phishing
service56@paypa1.com,PayPal,Votre compte est à jour,"Bonjour, nous vous remercions de votre confiance. Votre compte est à jour. Pour toute question, communiquez avec nous.

Référence : 2026-179-2838",,,phishing
no-reply76@amaz0n.com,Amazon,Votre commande a bien été reçue,"Bonjour, votre commande de la semaine a bien été reçue. Un courriel de confirmation séparé vous sera envoyé. Merci.

Référence : 2026-552-2904",,,phishing
alerte75@bmo-securite.xyz,BMO,Utilisation de votre carte,"Bonjour, votre carte a été utilisée récemment. Aucune action n'est requise. Bonne journée.

Référence : 2026-525-8484",,,phishing
suivi10@postescanada-livraison.xyz,Postes Canada,Envoi en transit,"Bonjour, un envoi est en transit vers votre adresse. Le suivi sera mis à jour dans les prochaines heures.

Référence : 2026-863-4570",,,phishing
info70@revenu-quebec-verification.info,Revenu Québec,Votre dossier est en traitement,"Bonjour, votre dossier est en cours de traitement. Les documents demandés ont bien été reçus. Merci de votre collaboration.

Référence : 2026-132-5703",,,phishing
securite61@desjardins-verification.info,Desjardins,Connexion à votre compte AccèsD,"Bonjour, nous avons remarqué une connexion à votre compte AccèsD depuis un appareil que vous ne reconnaissez pas. Pour votre sécurité, veuillez consulter vos relevés et nous aviser de toute anomalie.

Merci de votre confiance.

Référence : 2026-802-9233",,,phishing
noreply27@microsoft-account-verify.net,Microsoft,Votre abonnement Microsoft 365,"Bonjour, votre abonnement Microsoft 365 arrive à échéance. Les détails de votre facture sont disponibles sur le portail. Bonne journée.

Référence : 2026-589-3509",,,phishing
comptes95@netflix-billing.tk,Netflix,Mise à jour de votre facturation,"Bonjour, la facturation de votre compte a été mise à jour. Vous pouvez consulter le résumé de votre abonnement en tout temps.

Référence : 2026-945-4578",,,phishing
service17@paypa1.com,PayPal,Votre compte est à jour,"Bonjour, nous vous remercions de votre confiance. Votre compte est à jour. Pour toute question, communiquez avec nous.

Référence : 2026-948-9972",,,phishing
no-reply97@amaz0n.com,Amazon,Votre commande a bien été reçue,"Bonjour, votre commande de la semaine a bien été reçue. Un courriel de confirmation séparé vous sera envoyé. Merci.

Référence : 2026-310-9008",,,phishing
alerte82@bmo-securite.xyz,BMO,Utilisation de votre carte,"Bonjour, votre carte a été utilisée récemment. Aucune action n'est requise. Bonne journée.

Référence : 2026-159-8575",,,phishing
suivi84@postescanada-livraison.xyz,Postes Canada,Envoi en transit,"Bonjour, un envoi est en transit vers votre adresse. Le suivi sera mis à jour dans les prochaines heures.

Référence : 2026-174-1742",,,phishing
info62@revenu-quebec-verification.info,Revenu Québec,Votre dossier est en traitement,"Bonjour, votre dossier est en cours de traitement. Les documents demandés ont bien été reçus. Merci de votre collaboration.

Référence : 2026-284-3218",,,phishing
securite49@desjardins-verification.info,Desjardins,Connexion à votre compte AccèsD,"Bonjour, nous avons remarqué une connexion à votre compte AccèsD depuis un appareil que vous ne reconnaissez pas. Pour votre sécurité, veuillez consulter vos relevés et nous aviser de toute anomalie.

Merci de votre confiance.

Référence : 2026-806-2923",,,phishing
noreply68@microsoft-account-verify.net,Microsoft,Votre abonnement Microsoft 365,"Bonjour, votre abonnement Microsoft 365 arrive à échéance. Les détails de votre facture sont disponibles sur le portail. Bonne journée.

Référence : 2026-865-7121",,,phishing
comptes41@netflix-billing.tk,Netflix,Mise à jour de votre facturation,"Bonjour, la facturation de votre compte a été mise à jour. Vous pouvez consulter le résumé de votre abonnement en tout temps.

Référence : 2026-796-2341",,,phishing
service74@paypa1.com,PayPal,Votre compte est à jour,"Bonjour, nous vous remercions de votre confiance. Votre compte est à jour. Pour toute question, communiquez avec nous.

Référence : 2026-307-9792",,,phishing
no-reply21@amaz0n.com,Amazon,Votre commande a bien été reçue,"Bonjour, votre commande de la semaine a bien été reçue. Un courriel de confirmation séparé vous sera envoyé. Merci.

Référence : 2026-622-8298",,,phishing
alerte96@bmo-securite.xyz,BMO,Utilisation de votre carte,"Bonjour, votre carte a été utilisée récemment. Aucune action n'est requise. Bonne journée.

Référence : 2026-926-6049",,,phishing
suivi64@postescanada-livraison.xyz,Postes Canada,Envoi en transit,"Bonjour, un envoi est en transit vers votre adresse. Le suivi sera mis à jour dans les prochaines heures.

Référence : 2026-452-2044",,,phishing
info92@revenu-quebec-verification.info,Revenu Québec,Votre dossier est en traitement,"Bonjour, votre dossier est en cours de traitement. Les documents demandés ont bien été reçus. Merci de votre collaboration.

Référence : 2026-846-7887",,,phishing
securite@dessources-verification.xyz,Portail scolaire,Votre compte sera fermé,"Bonjour, votre compte du portail scolaire sera fermé dans 48 heures si vous ne confirmez pas votre identité : http://dessources-verification.xyz/portail",,,phishing
noreply@bibliotheque-numerique.tk,Bibliothèque numérique,Emprunt numérique en retard,Votre emprunt numérique est en retard. Réinitialisez votre mot de passe ici : http://bibliotheque-numerique.tk/reinitialiser,,,phishing
direction@dessources.qc.ca.connexion.top,Direction,Mise à jour de vos informations,"Bonjour, la direction vous demande de mettre à jour vos informations pour la trousse d'urgence : http://dessources.qc.ca.connexion.top",,,phishing
helpdesk@dessources-message.info,Équipe informatique,Votre boîte est presque pleine,Votre boîte de courriel est presque pleine. Libérez de l'espace ou agrandissez-la ici : http://dessources-message.info/boite,,,phishing
securite57@dessources-verification.xyz,Portail scolaire,Votre compte sera fermé,"Bonjour, votre compte du portail scolaire sera fermé dans 48 heures si vous ne confirmez pas votre identité : http://dessources-verification.xyz/portail

Référence : 2026-491-8348",,,phishing
noreply25@bibliotheque-numerique.tk,Bibliothèque numérique,Emprunt numérique en retard,"Votre emprunt numérique est en retard. Réinitialisez votre mot de passe ici : http://bibliotheque-numerique.tk/reinitialiser

Référence : 2026-282-9802",,,phishing
direction96@dessources.qc.ca.connexion.top,Direction,Mise à jour de vos informations,"Bonjour, la direction vous demande de mettre à jour vos informations pour la trousse d'urgence : http://dessources.qc.ca.connexion.top

Référence : 2026-836-9920",,,phishing
helpdesk34@dessources-message.info,Équipe informatique,Votre boîte est presque pleine,"Votre boîte de courriel est presque pleine. Libérez de l'espace ou agrandissez-la ici : http://dessources-message.info/boite

Référence : 2026-996-2848",,,phishing
securite58@dessources-verification.xyz,Portail scolaire,Votre compte sera fermé,"Bonjour, votre compte du portail scolaire sera fermé dans 48 heures si vous ne confirmez pas votre identité : http://dessources-verification.xyz/portail

Référence : 2026-484-2314",,,phishing
noreply60@bibliotheque-numerique.tk,Bibliothèque numérique,Emprunt numérique en retard,"Votre emprunt numérique est en retard. Réinitialisez votre mot de passe ici : http://bibliotheque-numerique.tk/reinitialiser

Référence : 2026-641-3086",,,phishing
direction64@dessources.qc.ca.connexion.top,Direction,Mise à jour de vos informations,"Bonjour, la direction vous demande de mettre à jour vos informations pour la trousse d'urgence : http://dessources.qc.ca.connexion.top

Référence : 2026-644-7214",,,phishing
helpdesk14@dessources-message.info,Équipe informatique,Votre boîte est presque pleine,"Votre boîte de courriel est presque pleine. Libérez de l'espace ou agrandissez-la ici : http://dessources-message.info/boite

Référence : 2026-928-7868",,,phishing
securite97@dessources-verification.xyz,Portail scolaire,Votre compte sera fermé,"Bonjour, votre compte du portail scolaire sera fermé dans 48 heures si vous ne confirmez pas votre identité : http://dessources-verification.xyz/portail

Référence : 2026-777-9835",,,phishing
noreply38@bibliotheque-numerique.tk,Bibliothèque numérique,Emprunt numérique en retard,"Votre emprunt numérique est en retard. Réinitialisez votre mot de passe ici : http://bibliotheque-numerique.tk/reinitialiser

Référence : 2026-954-1056",,,phishing
direction39@dessources.qc.ca.connexion.top,Direction,Mise à jour de vos informations,"Bonjour, la direction vous demande de mettre à jour vos informations pour la trousse d'urgence : http://dessources.qc.ca.connexion.top

Référence : 2026-353-8546",,,phishing
helpdesk88@dessources-message.info,Équipe informatique,Votre boîte est presque pleine,"Votre boîte de courriel est presque pleine. Libérez de l'espace ou agrandissez-la ici : http://dessources-message.info/boite

Référence : 2026-884-1256",,,phishing
securite27@dessources-verification.xyz,Portail scolaire,Votre compte sera fermé,"Bonjour, votre compte du portail scolaire sera fermé dans 48 heures si vous ne confirmez pas votre identité : http://dessources-verification.xyz/portail

Référence : 2026-769-6697",,,phishing
noreply12@bibliotheque-numerique.tk,Bibliothèque numérique,Emprunt numérique en retard,"Votre emprunt numérique est en retard. Réinitialisez votre mot de passe ici : http://bibliotheque-numerique.tk/reinitialiser

Référence : 2026-405-8585",,,phishing
direction54@dessources.qc.ca.connexion.top,Direction,Mise à jour de vos informations,"Bonjour, la direction vous demande de mettre à jour vos informations pour la trousse d'urgence : http://dessources.qc.ca.connexion.top

Référence : 2026-258-5516",,,phishing
helpdesk40@dessources-message.info,Équipe informatique,Votre boîte est presque pleine,"Votre boîte de courriel est presque pleine. Libérez de l'espace ou agrandissez-la ici : http://dessources-message.info/boite

Référence : 2026-311-2102",,,phishing
